k,y_pred
1620,2.283877
1621,2.283877
1622,2.283877
1623,2.283877
1624,2.283877
1625,2.283877
1626,2.283877
1627,2.283877
1628,2.283877
1629,2.283877
1630,2.283877
1631,2.283877
1632,2.283877
1633,2.283877
1634,2.283877
1635,2.283877
1636,2.283877
1637,2.283877
1638,2.283877
1639,2.283877
1640,2.283877
1641,2.283877
1642,2.283877
1643,2.283877
1644,2.283877
1645,2.283877
1646,2.283877
1647,2.283877
1648,2.283877
1649,2.283877
1650,2.283877
1651,2.283877
1652,2.283877
1653,2.283877
1654,2.283877
1655,2.283877
1656,2.283877
1657,2.283877
1658,2.283877
1659,2.283877
1660,2.283877
1661,2.283877
1662,2.283877
1663,2.283877
1664,2.283877
1665,2.283877
1666,2.283877
1667,2.283877
1668,2.283877
1669,2.283877
1670,2.283877
1671,2.283877
1672,2.283877
1673,2.283877
1674,2.283877
1675,2.283877
1676,2.283877
1677,2.283877
1678,2.283877
1679,2.283877
1680,2.283877
1681,2.283877
1682,2.283877
1683,2.283877
1684,2.283877
1685,2.283877
1686,2.283877
1687,2.283877
1688,2.283877
1689,2.283877
1690,2.283877
1691,2.283877
1692,2.283877
1693,2.283877
1694,2.283877
1695,2.283877
1696,2.283877
1697,2.283877
1698,2.283877
1699,2.283877
1700,2.283877
1701,2.283877
1702,2.283877
1703,2.283877
1704,2.283877
1705,2.283877
1706,2.283877
1707,2.283877
1708,2.283877
1709,2.283877
1710,2.283877
1711,2.283877
1712,2.283877
1713,2.283877
1714,2.283877
1715,2.283877
1716,2.283877
1717,2.283877
1718,2.283877
1719,2.283877
1720,2.283877
1721,2.283877
1722,2.283877
1723,2.283877
1724,2.283877
1725,2.283877
1726,2.283877
1727,2.283877
1728,2.283877
1729,2.283877
1730,2.283877
1731,2.283877
1732,2.283877
1733,2.283877
1734,2.283877
1735,2.283877
1736,2.283877
1737,2.283877
1738,2.283877
1739,2.283877
1740,2.283877
1741,2.283877
1742,2.283877
1743,2.283877
1744,2.283877
1745,2.283877
1746,2.283877
1747,2.283877
1748,2.283877
1749,2.283877
1750,2.283877
1751,2.283877
1752,2.283877
1753,2.283877
1754,2.283877
1755,2.283877
1756,2.283877
1757,2.283877
1758,2.283877
1759,2.283877
1760,2.283877
1761,2.283877
1762,2.283877
1763,2.283877
1764,2.283877
1765,2.283877
1766,2.283877
1767,2.283877
1768,2.283877
1769,2.283877
1770,2.283877
1771,2.283877
1772,2.283877
1773,2.283877
1774,2.283877
1775,2.283877
1776,2.283877
1777,2.283877
1778,2.283877
1779,2.283877
1780,2.283877
1781,2.283877
1782,2.283877
1783,2.283877
1784,2.283877
1785,2.283877
1786,2.283877
1787,2.283877
1788,2.283877
1789,2.283877
1790,2.283877
1791,2.283877
1792,2.283877
1793,2.283877
1794,2.283877
1795,2.283877
1796,2.283877
1797,2.283877
1798,2.283877
1799,2.283877
1800,2.283877
1801,2.283877
1802,2.2861997676124495
1803,2.288516050058679
1804,2.29082586544527
1805,2.293129231828251
1806,2.295426167213236
1807,2.2977166895555703
1808,2.3000008167604653
1809,2.3022785666831425
1810,2.304549957128971
1811,2.3068150058536077
1812,2.3090737305631355
1813,2.311326148914202
1814,2.3135722785141577
1815,2.315812136921193
1816,2.3180457416444757
1817,2.3202731101442886
1818,2.322494259832165
1819,2.3247092080710248
1820,2.3269179721753117
1821,2.3291205694111263
1822,2.3313170169963633
1823,2.3335073321008446
1824,2.3356915318464537
1825,2.3378696333072706
1826,2.3400416535097035
1827,2.342207609432623
1828,2.3443675180074957
1829,2.346521396118514
1830,2.3486692606027315
1831,2.350811128250191
1832,2.352947015804059
1833,2.3550769399607536
1834,2.3572009173700774
1835,2.3593189646353467
1836,2.3614310983135214
1837,2.363537334915334
1838,2.36563769090542
1839,2.367732182702444
1840,2.369820826679231
1841,2.371903639162893
1842,2.373980636434956
1843,2.3760518347314883
1844,2.3781172502432275
1845,2.3801768991157064
1846,2.3822307974493793
1847,2.3842789612997484
1848,2.3863214066774883
1849,2.3883581495485724
1850,2.390389205834397
1851,2.3924145914119057
1852,2.3944343221137143
1853,2.396448413728233
1854,2.398456881999791
1855,2.40045974262876
1856,2.402457011271675
1857,2.40444870354136
1858,2.406434835007046
1859,2.4084154211944955
1860,2.410390477586123
1861,2.4123600196211163
1862,2.414324062695557
1863,2.4162826221625404
1864,2.4182357133322965
1865,2.420183351472309
1866,2.4221255518074343
1867,2.424062329520022
1868,2.4259936997500318
1869,2.4279196775951526
1870,2.429840278110921
1871,2.431755516310838
1872,2.4336654071664876
1873,2.4355699656076526
1874,2.437469206522432
1875,2.439363144757358
1876,2.4412517951175094
1877,2.4431351723666315
1878,2.445013291227247
1879,2.4468861663807755
1880,2.4487538124676447
1881,2.4506162440874064
1882,2.4524734757988504
1883,2.454325522120119
1884,2.4561723975288197
1885,2.4580141164621376
1886,2.4598506933169504
1887,2.4616821424499387
1888,2.4635084781776997
1889,2.465329714776859
1890,2.4671458664841817
1891,2.4689569474966833
1892,2.470762971971742
1893,2.472563954027208
1894,2.474359907741515
1895,2.4761508471537894
1896,2.4779367862639603
1897,2.479717739032869
1898,2.481493719382379
1899,2.4832647411954825
1900,2.485030818316411
1901,2.4867919645507435
1902,2.4885481936655127
1903,2.490299519389315
1904,2.492045955412416
1905,2.4937875153868574
1906,2.495524212926566
1907,2.4972560616074566
1908,2.498983074967542
1909,2.500705266507035
1910,2.5024226496884574
1911,2.5041352379367425
1912,2.505843044639342
1913,2.507546083146329
1914,2.509244366770504
1915,2.510937908787498
1916,2.512626722435876
1917,2.514310820917242
1918,2.515990217396339
1919,2.5176649250011565
1920,2.519334956823029
1921,2.521000325916741
1922,2.5226610453006275
1923,2.5243171279566763
1924,2.5259685868306296
1925,2.527615434832085
1926,2.529257684834597
1927,2.530895349675776
1928,2.5325284421573913
1929,2.5341569750454687
1930,2.5357809610703916
1931,2.537400412927
1932,2.53901534327469
1933,2.5406257647375123
1934,2.542231689904272
1935,2.543833131328626
1936,2.5454301015291807
1937,2.547022612989591
1938,2.5486106781586586
1939,2.550194309450426
1940,2.5517735192442776
1941,2.5533483198850333
1942,2.5549187236830466
1943,2.556484742914301
1944,2.558046389820505
1945,2.5596036766091883
1946,2.5611566154537972
1947,2.56270521849379
1948,2.564249497834731
1949,2.5657894655483866
1950,2.567325133672818
1951,2.568856514212477
1952,2.570383619138298
1953,2.5719064603877935
1954,2.573425049865146
1955,2.5749393994413015
1956,2.5764495209540623
1957,2.5779554262081796
1958,2.5794571269754463
1959,2.580954634994787
1960,2.5824479619723535
1961,2.5839371195816114
1962,2.5854221194634364
1963,2.586902973226201
1964,2.5883796924458684
1965,2.589852288666081
1966,2.5913207733982513
1967,2.5927851581216528
1968,2.594245454283508
1969,2.595701673299079
1970,2.597153826551757
1971,2.5986019253931496
1972,2.6000459811431718
1973,2.601486005090133
1974,2.6029220084908262
1975,2.6043540025706142
1976,2.6057819985235198
1977,2.6072060075123114
1978,2.6086260406685913
1979,2.610042109092882
1980,2.6114542238547136
1981,2.6128623959927104
1982,2.6142666365146763
1983,2.6156669563976815
1984,2.6170633665881486
1985,2.6184558780019374
1986,2.619844501524431
1987,2.62122924801062
1988,2.6226101282851886
1989,2.6239871531425973
1990,2.62536033334717
1991,2.6267296796331756
1992,2.628095202704913
1993,2.629456913236795
1994,2.630814821873431
1995,2.632168939229712
1996,2.63351927589089
1997,2.6348658424126645
1998,2.6362086493212633
1999,2.637547707113525
2000,2.638883026256981
2001,2.6402146171899363
2002,2.6415424903215543
2003,2.642866656031934
2004,2.644187124672194
2005,2.645503906564553
2006,2.6468170120024093
2007,2.6481264512504223
2008,2.649432234544593
2009,2.6507343720923426
2010,2.6520328740725936
2011,2.653327750635849
2012,2.654619011904272
2013,2.655906667971764
2014,2.657190728904044
2015,2.658471204738729
2016,2.6597481054854093
2017,2.661021441125729
2018,2.662291221613464
2019,2.6635574568745994
2020,2.6648201568074055
2021,2.6660793312825177
2022,2.667334990143013
2023,2.668587143204485
2024,2.669835800255124
2025,2.6710809710557903
2026,2.6723226653400927
2027,2.6735608928144634
2028,2.674795663158234
2029,2.6760269860237123
2030,2.6772548710362556
2031,2.6784793277943484
2032,2.6797003658696754
2033,2.680917994807198
2034,2.682132224125227
2035,2.683343063315499
2036,2.684550521843249
2037,2.6857546091472853
2038,2.6869553346400634
2039,2.6881527077077587
2040,2.689346737710341
2041,2.690537433981646
2042,2.691724805829451
2043,2.6929088625355444
2044,2.6940896133558008
2045,2.695267067520252
2046,2.6964412342331596
2047,2.697612122673087
2048,2.6987797419929715
2049,2.6999441013201944
2050,2.701105209756654
2051,2.7022630763788356
2052,2.7034177102378836
2053,2.704569120359672
2054,2.705717315744873
2055,2.7068623053690297
2056,2.7080040981826263
2057,2.7091427031111563
2058,2.710278129055194
2059,2.7114103848904616
2060,2.7125394794679027
2061,2.7136654216137472
2062,2.714788220129583
2063,2.7159078837924238
2064,2.7170244213547776
2065,2.718137841544716
2066,2.7192481530659416
2067,2.720355364597856
2068,2.721459484795628
2069,2.7225605222902614
2070,2.7236584856886616
2071,2.724753383573705
2072,2.7258452245043028
2073,2.726934017015471
2074,2.728019769618395
2075,2.7291024908004977
2076,2.7301821890255047
2077,2.7312588727335108
2078,2.7323325503410465
2079,2.733403230241143
2080,2.7344709208033984
2081,2.7355356303740423
2082,2.7365973672760022
2083,2.7376561398089683
2084,2.738711956249457
2085,2.7397648248508775
2086,2.7408147538435954
2087,2.7418617514349966
2088,2.7429058258095527
2089,2.743946985128884
2090,2.7449852375318233
2091,2.74602059113448
2092,2.7470530540303035
2093,2.748082634290146
2094,2.7491093399623256
2095,2.7501331790726904
2096,2.75115415962468
2097,2.752172289599387
2098,2.7531875769556233
2099,2.754200029629978
2100,2.7552096555368815
2101,2.7562164625686676
2102,2.7572204585956346
2103,2.7582216514661066
2104,2.7592200490064958
2105,2.760215659021362
2106,2.761208489293476
2107,2.7621985475838775
2108,2.7631858416319393
2109,2.7641703791554244
2110,2.765152167850548
2111,2.7661312153920385
2112,2.7671075294331953
2113,2.76808111760595
2114,2.769051987520926
2115,2.7700201467674983
2116,2.7709856029138518
2117,2.7719483635070414
2118,2.7729084360730503
2119,2.773865828116849
2120,2.774820547122455
2121,2.7757726005529895
2122,2.7767219958507368
2123,2.777668740437203
2124,2.7786128417131724
2125,2.779554307058767
2126,2.7804931438335037
2127,2.7814293593763506
2128,2.7823629610057865
2129,2.7832939560198566
2130,2.7842223516962297
2131,2.785148155292256
2132,2.7860713740450223
2133,2.78699201517141
2134,2.787910085868151
2135,2.7888255933118837
2136,2.7897385446592096
2137,2.7906489470467486
2138,2.7915568075911956
2139,2.7924621333893755
2140,2.793364931518299
2141,2.794265209035217
2142,2.7951629729776775
2143,2.7960582303635797
2144,2.7969509881912282
2145,2.7978412534393886
2146,2.7987290330673416
2147,2.799614334014938
2148,2.8004971632026523
2149,2.801377527531637
2150,2.802255433883777
2151,2.8031308891217424
2152,2.804003900089043
2153,2.8048744736100817
2154,2.805742616490207
2155,2.8066083355157674
2156,2.807471637454164
2157,2.8083325290539034
2158,2.80919101704465
2159,2.8100471081372786
2160,2.8109008090239285
2161,2.8117521263780536
2162,2.8126010668544756
2163,2.8134476370894363
2164,2.8142918437006488
2165,2.815133693287349
2166,2.8159731924303495
2167,2.8168103476920874
2168,2.8176451656166783
2169,2.8184776527299666
2170,2.8193078155395765
2171,2.8201356605349632
2172,2.8209611941874626
2173,2.8217844229503433
2174,2.822605353258856
2175,2.823423991530285
2176,2.824240344163996
2177,2.825054417541489
2178,2.8258662180264467
2179,2.8266757519647836
2180,2.8274830256846974
2181,2.8282880454967168
2182,2.8290908176937513
2183,2.8298913485511417
2184,2.830689644326707
2185,2.831485711260795
2186,2.8322795555763296
2187,2.8330711834788613
2188,2.8338606011566143
2189,2.8346478147805354
2190,2.8354328305043417
2191,2.83621565446457
2192,2.8369962927806225
2193,2.8377747515548175
2194,2.8385510368724347
2195,2.839325154801764
2196,2.840097111394152
2197,2.8408669126840516
2198,2.8416345646890657
2199,2.8424000734099972
2200,2.8431634448308944
2201,2.8439246849190982
2202,2.844683799625288
2203,2.84544079488353
2204,2.8461956766113223
2205,2.8469484507096405
2206,2.8476991230629856
2207,2.8484476995394283
2208,2.849194185990656
2209,2.8499385882520185
2210,2.850680912142573
2211,2.85142116346513
2212,2.852159348006299
2213,2.852895471536532
2214,2.8536295398101705
2215,2.8543615585654907
2216,2.855091533524747
2217,2.855819470394217
2218,2.856545374864246
2219,2.857269252609293
2220,2.857991109287973
2221,2.8587109505431028
2222,2.859428782001744
2223,2.8601446092752476
2224,2.8608584379592976
2225,2.861570273633955
2226,2.862280121863701
2227,2.862987988197481
2228,2.863693878168748
2229,2.864397797295505
2230,2.8650997510803493
2231,2.8657997450105146
2232,2.8664977845579145
2233,2.8671938751791846
2234,2.867888022315726
2235,2.8685802313937474
2236,2.8692705078243073
2237,2.8699588570033567
2238,2.870645284311781
2239,2.8713297951154417
2240,2.87201239476522
2241,2.8726930885970563
2242,2.8733718819319938
2243,2.874048780076219
2244,2.8747237883211034
2245,2.8753969119432456
2246,2.876068156204511
2247,2.876737526352075
2248,2.8774050276184617
2249,2.878070665221587
2250,2.8787344443647975
2251,2.879396370236913
2252,2.8800564480122652
2253,2.8807146828507397
2254,2.8813710798978156
2255,2.8820256442846057
2256,2.882678381127897
2257,2.88332929553019
2258,2.883978392579739
2259,2.8846256773505923
2260,2.885271154902631
2261,2.8859148302816098
2262,2.8865567085191945
2263,2.8871967946330037
2264,2.8878350936266464
2265,2.8884716104897605
2266,2.8891063501980545
2267,2.8897393177133437
2268,2.89037051798359
2269,2.890999955942941
2270,2.8916276365117684
2271,2.892253564596705
2272,2.892877745090686
2273,2.893500182872984
2274,2.8941208828092493
2275,2.8947398497515477
2276,2.8953570885383972
2277,2.8959726039948075
2278,2.8965864009323163
2279,2.897198484149028
2280,2.8978088584296495
2281,2.8984175285455307
2282,2.8990244992546983
2283,2.899629775301895
2284,2.900233361418617
2285,2.9008352623231484
2286,2.901435482720602
2287,2.9020340273029523
2288,2.9026309007490747
2289,2.9032261077247803
2290,2.9038196528828544
2291,2.904411540863091
2292,2.9050017762923295
2293,2.9055903637844924
2294,2.906177307940619
2295,2.9067626133489024
2296,2.9073462845847264
2297,2.9079283262107
2298,2.9085087427766925
2299,2.9090875388198714
2300,2.9096647188647355
2301,2.9102402874231514
2302,2.910814248994389
2303,2.911386608065155
2304,2.9119573691096305
2305,2.9125265365895046
2306,2.9130941149540086
2307,2.913660108639952
2308,2.9142245220717564
2309,2.9147873596614913
2310,2.9153486258089067
2311,2.9159083249014692
2312,2.916466461314395
2313,2.9170230394106853
2314,2.9175780635411592
2315,2.9181315380444888
2316,2.9186834672472326
2317,2.919233855463869
2318,2.9197827069968305
2319,2.9203300261365377
2320,2.9208758171614315
2321,2.921420084338008
2322,2.921962831920851
2323,2.922504064152666
2324,2.9230437852643116
2325,2.9235819994748353
2326,2.9241187109915043
2327,2.924653924009839
2328,2.9251876427136465
2329,2.925719871275052
2330,2.926250613854533
2331,2.92677987460095
2332,2.9273076576515806
2333,2.9278339671321505
2334,2.9283588071568665
2335,2.9288821818284494
2336,2.929404095238164
2337,2.929924551465853
2338,2.9304435545799685
2339,2.9309611086376024
2340,2.93147721768452
2341,2.93199188575519
2342,2.9325051168728185
2343,2.9330169150493774
2344,2.9335272842856375
2345,2.9340362285711996
2346,2.9345437518845254
2347,2.935049858192969
2348,2.935554551452807
2349,2.936057835609271
2350,2.936559714596577
2351,2.9370601923379565
2352,2.9375592727456876
2353,2.9380569597211252
2354,2.938553257154732
2355,2.939048168926108
2356,2.9395416989040215
2357,2.9400338509464397
2358,2.9405246289005573
2359,2.941014036602829
2360,2.9415020778789964
2361,2.9419887565441214
2362,2.9424740764026134
2363,2.94295804124826
2364,2.943440654864256
2365,2.9439219210232346
2366,2.9444018434872947
2367,2.9448804260080323
2368,2.9453576723265686
2369,2.94583358617358
2370,2.9463081712693255
2371,2.9467814313236786
2372,2.9472533700361545
2373,2.947723991095939
2374,2.9481932981819177
2375,2.9486612949627053
2376,2.9491279850966734
2377,2.949593372231979
2378,2.950057460006594
2379,2.9505202520483325
2380,2.9509817519748807
2381,2.951441963393824
2382,2.951900889902674
2383,2.9523585350889
2384,2.9528149025299544
2385,2.9532699957933004
2386,2.9537238184364423
2387,2.954176374006951
2388,2.9546276660424926
2389,2.9550776980708564
2390,2.9555264736099818
2391,2.955973996167986
2392,2.9564202692431922
2393,2.956865296324156
2394,2.9573090808896922
2395,2.957751626408904
2396,2.9581929363412076
2397,2.9586330141363617
2398,2.9590718632344926
2399,2.959509487066122
2400,2.9599458890521926
2401,2.9603810726040978
2402,2.9608150411237046
2403,2.961247798003383
2404,2.961679346626031
2405,2.9621096903651023
2406,2.9625388325846305
2407,2.962966776639258
2408,2.963393525874261
2409,2.963819083625575
2410,2.964243453219822
2411,2.9646666379743363
2412,2.9650886411971897
2413,2.965509466187218
2414,2.9659291162340473
2415,2.966347594618118
2416,2.9667649046107125
2417,2.967181049473979
2418,2.9675960324609583
2419,2.968009856815608
2420,2.96842252577283
2421,2.968834042558493
2422,2.969244410389459
2423,2.9696536324736096
2424,2.9700617120098696
2425,2.9704686521882318
2426,2.970874456189783
2427,2.9712791271867287
2428,2.9716826683424173
2429,2.9720850828113647
2430,2.9724863737392804
2431,2.97288654426309
2432,2.9732855975109618
2433,2.973683536602329
2434,2.974080364647917
2435,2.9744760847497647
2436,2.9748707000012504
2437,2.975264213487116
2438,2.975656628283491
2439,2.976047947457915
2440,2.976438174069365
2441,2.976827311168276
2442,2.977215361796567
2443,2.977602328987663
2444,2.9779882157665205
2445,2.97837302514965
2446,2.9787567601451395
2447,2.9791394237526796
2448,2.9795210189635846
2449,2.979901548760817
2450,2.9802810161190125
2451,2.9806594240044997
2452,2.9810367753753257
2453,2.9814130731812796
2454,2.9817883203639135
2455,2.9821625198565678
2456,2.9825356745843923
2457,2.98290778746437
2458,2.98327886140534
2459,2.983648899308019
2460,2.984017904065025
2461,2.984385878560902
2462,2.984752825672137
2463,2.9851187482671886
2464,2.985483649206505
2465,2.9858475313425483
2466,2.9862103975198178
2467,2.986572250574869
2468,2.9869330933363396
2469,2.987292928624968
2470,2.9876517592536187
2471,2.9880095880273014
2472,2.988366417743195
2473,2.988722251190668
2474,2.989077091151302
2475,2.9894309403989117
2476,2.9897838016995673
2477,2.9901356778116166
2478,2.9904865714857056
2479,2.9908364854648006
2480,2.9911854224842096
2481,2.991533385271604
2482,2.9918803765470385
2483,2.9922263990229747
2484,2.9925714554043004
2485,2.992915548388351
2486,2.9932586806649315
2487,2.9936008549163367
2488,2.9939420738173723
2489,2.994282340035377
2490,2.9946216562302403
2491,2.9949600250544273
2492,2.995297449152996
2493,2.99563393116362
2494,2.9959694737166087
2495,2.996304079434927
2496,2.9966377509342172
2497,2.9969704908228185
2498,2.9973023017017875
2499,2.9976331861649186
2500,2.9979631467987646
2501,2.9982921861826566
2502,2.9986203068887236
2503,2.9989475114819144
2504,2.9992738025200154
2505,2.999599182553672
2506,2.9999236541264085
2507,3.000247219774647
2508,3.0005698820277282
2509,3.0008916434079316
2510,3.0012125064304938
2511,3.0015324736036284
2512,3.001851547428547
2513,3.002169730399478
2514,3.002487025003685
2515,3.002803433721487
2516,3.0031189590262786
2517,3.003433603384549
2518,3.0037473692559002
2519,3.004060259093068
2520,3.004372275341938
2521,3.00468342044157
2522,3.0049936968242115
2523,3.00530310691532
2524,3.0056116531335815
2525,3.005919337890928
2526,3.0062261635925585
2527,3.006532132636956
2528,3.0068372474159073
2529,3.007141510314521
2530,3.007444923711247
2531,3.007747489977894
2532,3.0080492114796487
2533,3.008350090575094
2534,3.008650129616229
2535,3.008949330948484
2536,3.0092476969107422
2537,3.0095452298353567
2538,3.0098419320481677
2539,3.0101378058685224
2540,3.0104328536092924
2541,3.0107270775768913
2542,3.011020480071293
2543,3.0113130633860514
2544,3.011604829808315
2545,3.0118957816188474
2546,3.0121859210920445
2547,3.0124752504959513
2548,3.0127637720922813
2549,3.013051488136433
2550,3.0133384008775077
2551,3.013624512558327
2552,3.013909825415451
2553,3.014194341679195
2554,3.0144780635736477
2555,3.0147609933166875
2556,3.0150431331200007
2557,3.0153244851890992
2558,3.015605051723336
2559,3.015884834915925
2560,3.016163836953955
2561,3.0164420600184094
2562,3.0167195062841823
2563,3.016996177920095
2564,3.0172720770889137
2565,3.0175472059473663
2566,3.0178215666461594
2567,3.018095161329994
2568,3.0183679921375837
2569,3.018640061201671
2570,3.0189113706490427
2571,3.019181922600549
2572,3.019451719171118
2573,3.0197207624697726
2574,3.0199890545996477
2575,3.0202565976580065
2576,3.0205233937362563
2577,3.020789444919965
2578,3.0210547532888783
2579,3.0213193209169344
2580,3.021583149872282
2581,3.0218462422172943
2582,3.0221086000085875
2583,3.0223702252970353
2584,3.022631120127785
2585,3.0228912865402746
2586,3.023150726568247
2587,3.0234094422397684
2588,3.023667435577241
2589,3.0239247085974212
2590,3.024181263311435
2591,3.0244371017247924
2592,3.0246922258374047
2593,3.0249466376435996
2594,3.025200339132136
2595,3.0254533322862205
2596,3.025705619083523
2597,3.025957201496191
2598,3.026208081490866
2599,3.026458261028699
2600,3.026707742065365
2601,3.0269565265510794
2602,3.0272046164306117
2603,3.0274520136433023
2604,3.0276987201230767
2605,3.0279447377984607
2606,3.028190068592596
2607,3.028434714423255
2608,3.0286786772028553
2609,3.0289219588384753
2610,3.0291645612318683
2611,3.0294064862794787
2612,3.0296477358724556
2613,3.0298883118966677
2614,3.030128216232719
2615,3.0303674507559633
2616,3.0306060173365164
2617,3.0308439178392748
2618,3.031081154123927
2619,3.0313177280449697
2620,3.031553641451722
2621,3.03178889618834
2622,3.03202349409383
2623,3.032257437002064
2624,3.0324907267417944
2625,3.0327233651366674
2626,3.0329553540052374
2627,3.0331866951609814
2628,3.0334173904123136
2629,3.033647441562599
2630,3.0338768504101674
2631,3.0341056187483275
2632,3.0343337483653814
2633,3.034561241044638
2634,3.034788098564428
2635,3.0350143226981157
2636,3.035239915214115
2637,3.0354648778759024
2638,3.0356892124420303
2639,3.0359129206661417
2640,3.0361360042969836
2641,3.0363584650784197
2642,3.0365803047494455
2643,3.0368015250442006
2644,3.037022127691984
2645,3.037242114417265
2646,3.0374614869396996
2647,3.0376802469741415
2648,3.0378983962306574
2649,3.0381159364145387
2650,3.038332869226316
2651,3.0385491963617715
2652,3.0387649195119537
2653,3.0389800403631893
2654,3.0391945605970965
2655,3.039408481890599
2656,3.039621805915938
2657,3.0398345343406854
2658,3.0400466688277588
2659,3.040258211035431
2660,3.0404691626173466
2661,3.040679525222532
2662,3.0408893004954103
2663,3.0410984900758127
2664,3.0413070955989925
2665,3.0415151186956373
2666,3.041722560991882
2667,3.04192942410932
2668,3.0421357096650197
2669,3.0423414192715326
2670,3.0425465545369086
2671,3.0427511170647077
2672,3.0429551084540134
2673,3.043158530299444
2674,3.0433613841911655
2675,3.043563671714905
2676,3.043765394451961
2677,3.043966553979218
2678,3.0441671518691575
2679,3.0443671896898707
2680,3.0445666690050706
2681,3.0447655913741043
2682,3.0449639583519654
2683,3.045161771489306
2684,3.045359032332448
2685,3.0455557424233977
2686,3.0457519032998537
2687,3.0459475164952234
2688,3.0461425835386318
2689,3.0463371059549353
2690,3.0465310852647325
2691,3.0467245229843765
2692,3.0469174206259866
2693,3.04710977969746
2694,3.0473016017024857
2695,3.047492888140552
2696,3.0476836405069614
2697,3.0478738602928424
2698,3.048063548985159
2699,3.048252708066725
2700,3.048441339016213
2701,3.048629443308167
2702,3.0488170224130156
2703,3.0490040777970804
2704,3.0491906109225897
2705,3.049376623247689
2706,3.0495621162264532
2707,3.049747091308897
2708,3.0499315499409865
2709,3.050115493564651
2710,3.0502989236177935
2711,3.050481841534303
2712,3.050664248744065
2713,3.0508461466729724
2714,3.0510275367429367
2715,3.0512084203719003
2716,3.051388798973846
2717,3.0515686739588093
2718,3.051748046732888
2719,3.0519269186982556
2720,3.052105291253169
2721,3.052283165791983
2722,3.0524605437051573
2723,3.052637426379271
2724,3.0528138151970308
2725,3.052989711537284
2726,3.0531651167750278
2727,3.0533400322814197
2728,3.0535144594237895
2729,3.0536883995656496
2730,3.053861854066705
2731,3.0540348242828648
2732,3.054207311566252
2733,3.0543793172652145
2734,3.0545508427243364
2735,3.054721889284447
2736,3.0548924582826325
2737,3.0550625510522447
2738,3.055232168922914
2739,3.055401313220558
2740,3.0555699852673928
2741,3.0557381863819417
2742,3.055905917879048
2743,3.056073181069883
2744,3.056239977261958
2745,3.0564063077591337
2746,3.056572173861629
2747,3.0567375768660345
2748,3.0569025180653195
2749,3.057066998748844
2750,3.0572310202023676
2751,3.0573945837080605
2752,3.0575576905445128
2753,3.0577203419867445
2754,3.0578825393062163
2755,3.0580442837708386
2756,3.058205576644982
2757,3.0583664191894875
2758,3.0585268126616745
2759,3.058686758315353
2760,3.058846257400832
2761,3.0590053111649302
2762,3.059163920850984
2763,3.05932208769886
2764,3.0594798129449616
2765,3.059637097822241
2766,3.0597939435602073
2767,3.0599503513849378
2768,3.060106322519086
2769,3.0602618581818914
2770,3.0604169595891904
2771,3.060571627953424
2772,3.060725864483648
2773,3.060879670385543
2774,3.061033046861423
2775,3.0611859951102454
2776,3.06133851632762
2777,3.061490611705818
2778,3.061642282433783
2779,3.0617935296971375
2780,3.061944354678195
2781,3.062094758555967
2782,3.0622447425061745
2783,3.0623943077012545
2784,3.0625434553103714
2785,3.0626921864994245
2786,3.062840502431059
2787,3.062988404264673
2788,3.0631358931564288
2789,3.063282970259259
2790,3.063429636722879
2791,3.0635758936937925
2792,3.063721742315303
2793,3.0638671837275226
2794,3.064012219067379
2795,3.0641568494686258
2796,3.064301076061852
2797,3.064444899974489
2798,3.0645883223308212
2799,3.0647313442519932
2800,3.06487396685602
2801,3.0650161912577953
2802,3.065158018569099
2803,3.0652994498986077
2804,3.0654404863519025
2805,3.065581129031478
2806,3.0657213790367495
2807,3.065861237464064
2808,3.0660007054067067
2809,3.066139783954911
2810,3.0662784741958657
2811,3.0664167772137247
2812,3.0665546940896147
2813,3.066692225901644
2814,3.0668293737249104
2815,3.0669661386315106
2816,3.067102521690548
2817,3.06723852396814
2818,3.0673741465274293
2819,3.067509390428589
2820,3.0676442567288316
2821,3.0677787464824195
2822,3.067912860740671
2823,3.0680466005519684
2824,3.0681799669617678
2825,3.0683129610126056
2826,3.0684455837441083
2827,3.0685778361929987
2828,3.068709719393106
2829,3.0688412343753733
2830,3.0689723821678636
2831,3.0691031637957713
2832,3.069233580281428
2833,3.06936363264431
2834,3.069493321901048
2835,3.0696226490654346
2836,3.0697516151484314
2837,3.0698802211581775
2838,3.070008468099997
2839,3.0701363569764077
2840,3.070263888787128
2841,3.0703910645290855
2842,3.0705178851964234
2843,3.07064435178051
2844,3.070770465269946
2845,3.0708962266505715
2846,3.0710216369054737
2847,3.0711466970149957
2848,3.0712714079567434
2849,3.071395770705593
2850,3.071519786233699
2851,3.071643455510501
2852,3.0717667795027337
2853,3.07188975917443
2854,3.072012395486934
2855,3.0721346893989034
2856,3.072256641866321
2857,3.0723782538424995
2858,3.0724995262780905
2859,3.072620460121091
2860,3.072741056316852
2861,3.0728613158080837
2862,3.0729812395348652
2863,3.073100828434651
2864,3.0732200834422776
2865,3.073339005489972
2866,3.073457595507358
2867,3.073575854421464
2868,3.0736937831567306
2869,3.0738113826350166
2870,3.073928653775608
2871,3.0740455974952225
2872,3.07416221470802
2873,3.0742785063256073
2874,3.0743944732570463
2875,3.07451011640886
2876,3.0746254366850416
2877,3.0747404349870595
2878,3.074855112213865
2879,3.0749694692619007
2880,3.0750835070251052
2881,3.0751972263949217
2882,3.075310628260304
2883,3.075423713507725
2884,3.0755364830211818
2885,3.075648937682203
2886,3.0757610783698572
2887,3.0758729059607575
2888,3.07598442132907
2889,3.07609562534652
2890,3.076206518882399
2891,3.076317102803571
2892,3.076427377974481
2893,3.0765373452571585
2894,3.0766470055112283
2895,3.076756359593914
2896,3.076865408360045
2897,3.0769741526620664
2898,3.077082593350041
2899,3.077190731271659
2900,3.0772985672722446
2901,3.077406102194761
2902,3.0775133368798175
2903,3.0776202721656776
2904,3.0777269088882635
2905,3.0778332478811636
2906,3.0779392899756393
2907,3.078045036000631
2908,3.0781504867827643
2909,3.078255643146357
2910,3.078360505913426
2911,3.0784650759036922
2912,3.0785693539345886
2913,3.0786733408212656
2914,3.078777037376598
2915,3.07888044441119
2916,3.078983562733384
2917,3.079086393149265
2918,3.079188936462667
2919,3.07929119347518
2920,3.079393164986156
2921,3.0794948517927154
2922,3.079596254689753
2923,3.079697374469943
2924,3.0797982119237486
2925,3.0798987678394245
2926,3.079999043003025
2927,3.0800990381984104
2928,3.080198754207251
2929,3.080298191809036
2930,3.0803973517810777
2931,3.080496234898518
2932,3.080594841934335
2933,3.080693173659349
2934,3.0807912308422267
2935,3.08088901424949
2936,3.0809865246455206
2937,3.0810837627925656
2938,3.0811807294507436
2939,3.081277425378052
2940,3.0813738513303712
2941,3.081470008061471
2942,3.081565896323017
2943,3.0816615168645765
2944,3.081756870433623
2945,3.0818519577755437
2946,3.081946779633645
2947,3.0820413367491577
2948,3.0821356298612423
2949,3.082229659706997
2950,3.0823234270214606
2951,3.0824169325376207
2952,3.0825101769864185
2953,3.0826031610967535
2954,3.0826958855954905
2955,3.082788351207465
2956,3.0828805586554893
2957,3.0829725086603563
2958,3.0830642019408474
2959,3.083155639213737
2960,3.0832468211937987
2961,3.083337748593809
2962,3.083428422124556
2963,3.083518842494842
2964,3.0836090104114917
2965,3.083698926579355
2966,3.083788591701315
2967,3.0838780064782907
2968,3.0839671716092463
2969,3.084056087791193
2970,3.084144755719196
2971,3.0842331760863804
2972,3.0843213495839357
2973,3.0844092769011224
2974,3.0844969587252757
2975,3.0845843957418118
2976,3.0846715886342335
2977,3.0847585380841354
2978,3.084845244771209
2979,3.0849317093732482
2980,3.0850179325661538
2981,3.08510391502394
2982,3.085189657418739
2983,3.0852751604208075
2984,3.0853604246985293
2985,3.0854454509184226
2986,3.085530239745145
2987,3.085614791841498
2988,3.0856991078684324
2989,3.0857831884850544
2990,3.0858670343486296
2991,3.085950646114588
2992,3.0860340244365303
2993,3.086117169966232
2994,3.0862000833536487
2995,3.086282765246922
2996,3.0863652162923834
2997,3.0864474371345594
2998,3.0865294284161777
2999,3.0866111907781715
3000,3.086692724859684
3001,3.086774031298075
3002,3.086855110728923
3003,3.086935963786033
3004,3.0870165911014413
3005,3.087096993305418
3006,3.0871771710264744
3007,3.0872571248913663
3008,3.0873368555251
3009,3.0874163635509375
3010,3.0874956495903993
3011,3.0875747142632717
3012,3.08765355818761
3013,3.0877321819797436
3014,3.087810586254282
3015,3.0878887716241183
3016,3.087966738700434
3017,3.0880444880927045
3018,3.088122020408704
3019,3.0881993362545086
3020,3.0882764362345037
3021,3.0883533209513865
3022,3.0884299910061714
3023,3.0885064469981947
3024,3.0885826895251194
3025,3.0886587191829404
3026,3.088734536565988
3027,3.0888101422669334
3028,3.0888855368767927
3029,3.0889607209849324
3030,3.089035695179073
3031,3.089110460045294
3032,3.0891850161680394
3033,3.089259364130121
3034,3.0893335045127226
3035,3.0894074378954066
3036,3.0894811648561165
3037,3.0895546859711827
3038,3.0896280018153255
3039,3.0897011129616616
3040,3.089774019981707
3041,3.089846723445383
3042,3.089919223921018
3043,3.0899915219753544
3044,3.090063618173553
3045,3.090135513079196
3046,3.090207207254292
3047,3.0902787012592805
3048,3.0903499956530363
3049,3.090421090992874
3050,3.0904919878345525
3051,3.090562686732278
3052,3.09063318823871
3053,3.090703492904965
3054,3.0907736012806204
3055,3.09084351391372
3056,3.090913231350777
3057,3.090982754136778
3058,3.091052082815189
3059,3.091121217927958
3060,3.0911901600155214
3061,3.0912589096168044
3062,3.091327467269229
3063,3.0913958335087157
3064,3.09146400886969
3065,3.0915319938850847
3066,3.0915997890863443
3067,3.0916673950034297
3068,3.0917348121648223
3069,3.091802041097528
3070,3.091869082327081
3071,3.091935936377549
3072,3.0920026037715354
3073,3.092069085030185
3074,3.092135380673188
3075,3.0922014912187827
3076,3.0922674171837614
3077,3.092333159083473
3078,3.0923987174318275
3079,3.0924640927413005
3080,3.0925292855229363
3081,3.0925942962863524
3082,3.0926591255397438
3083,3.0927237737898863
3084,3.092788241542141
3085,3.092852529300458
3086,3.09291663756738
3087,3.092980566844047
3088,3.0930443176302003
3089,3.0931078904241844
3090,3.093171285722954
3091,3.0932345040220754
3092,3.093297545815732
3093,3.093360411596726
3094,3.0934231018564855
3095,3.0934856170850655
3096,3.093547957771153
3097,3.093610124402071
3098,3.0936721174637802
3099,3.093733937440887
3100,3.093795584816643
3101,3.0938570600729514
3102,3.0939183636903693
3103,3.0939794961481124
3104,3.094040457924059
3105,3.0941012494947517
3106,3.0941618713354044
3107,3.0942223239199027
3108,3.09428260772081
3109,3.09434272320937
3110,3.0944026708555104
3111,3.0944624511278476
3112,3.094522064493689
3113,3.0945815114190376
3114,3.094640792368595
3115,3.094699907805765
3116,3.0947588581926593
3117,3.094817643990097
3118,3.094876265657613
3119,3.094934723653457
3120,3.0949930184346006
3121,3.0950511504567393
3122,3.095109120174296
3123,3.0951669280404253
3124,3.095224574507016
3125,3.095282060024696
3126,3.095339385042834
3127,3.095396550009545
3128,3.095453555371692
3129,3.095510401574892
3130,3.0955670890635156
3131,3.0956236182806944
3132,3.095679989668322
3133,3.0957362036670584
3134,3.0957922607163333
3135,3.0958481612543496
3136,3.095903905718087
3137,3.0959594945433047
3138,3.096014928164545
3139,3.0960702070151376
3140,3.096125331527202
3141,3.096180302131651
3142,3.0962351192581954
3143,3.096289783335345
3144,3.0963442947904136
3145,3.096398654049522
3146,3.096452861537601
3147,3.0965069176783957
3148,3.0965608228944674
3149,3.0966145776071983
3150,3.0966681822367934
3151,3.0967216372022843
3152,3.0967749429215337
3153,3.096828099811237
3154,3.096881108286926
3155,3.0969339687629724
3156,3.0969866816525915
3157,3.0970392473678445
3158,3.0970916663196424
3159,3.097143938917748
3160,3.097196065570781
3161,3.0972480466862207
3162,3.097299882670407
3163,3.097351573928547
3164,3.0974031208647155
3165,3.097454523881859
3166,3.0975057833818003
3167,3.0975568997652387
3168,3.0976078734317554
3169,3.0976587047798163
3170,3.0977093942067744
3171,3.097759942108873
3172,3.0978103488812496
3173,3.0978606149179386
3174,3.0979107406118738
3175,3.097960726354892
3176,3.0980105725377363
3177,3.0980602795500585
3178,3.0981098477804228
3179,3.098159277616308
3180,3.098208569444112
3181,3.098257723649153
3182,3.0983067406156737
3183,3.098355620726844
3184,3.098404364364764
3185,3.098452971910467
3186,3.0985014437439227
3187,3.098549780244039
3188,3.0985979817886666
3189,3.0986460487546017
3190,3.0986939815175876
3191,3.0987417804523187
3192,3.098789445932444
3193,3.098836978330568
3194,3.0988843780182562
3195,3.0989316453660356
3196,3.0989787807433995
3197,3.099025784518809
3198,3.0990726570596974
3199,3.0991193987324706
3200,3.0991660099025125
3201,3.0992124909341867
3202,3.0992588421908396
3203,3.099305064034803
3204,3.0993511568273973
3205,3.0993971209289333
3206,3.099442956698717
3207,3.09948866449505
3208,3.0995342446752345
3209,3.099579697595575
3210,3.09962502361138
3211,3.0996702230769677
3212,3.099715296345666
3213,3.0997602437698166
3214,3.0998050657007776
3215,3.0998497624889256
3216,3.09989433448366
3217,3.099938782033403
3218,3.099983105485605
3219,3.1000273051867473
3220,3.100071381482342
3221,3.1001153347169375
3222,3.10015916523412
3223,3.1002028733765163
3224,3.1002464594857972
3225,3.100289923902679
3226,3.1003332669669263
3227,3.100376489017356
3228,3.100419590391839
3229,3.100462571427302
3230,3.100505432459732
3231,3.1005481738241767
3232,3.1005907958547496
3233,3.1006332988846306
3234,3.10067568324607
3235,3.100717949270389
3236,3.100760097287986
3237,3.100802127628335
3238,3.100844040619991
3239,3.1008858365905914
3240,3.100927515866859
3241,3.1009690787746043
3242,3.1010105256387286
3243,3.1010518567832253
3244,3.1010930725311834
3245,3.10113417320479
3246,3.101175159125333
3247,3.1012160306132026
3248,3.1012567879878947
3249,3.1012974315680135
3250,3.1013379616712733
3251,3.1013783786145015
3252,3.101418682713641
3253,3.101458874283752
3254,3.101498953639016
3255,3.1015389210927364
3256,3.1015787769573424
3257,3.1016185215443905
3258,3.1016581551645683
3259,3.1016976781276946
3260,3.101737090742724
3261,3.1017763933177487
3262,3.10181558616
3263,3.1018546695758515
3264,3.1018936438708224
3265,3.1019325093495778
3266,3.1019712663159322
3267,3.1020099150728524
3268,3.1020484559224593
3269,3.10208688916603
3270,3.1021252151040004
3271,3.1021634340359676
3272,3.1022015462606927
3273,3.1022395520761017
3274,3.10227745177929
3275,3.102315245666522
3276,3.102352934033237
3277,3.102390517174048
3278,3.1024279953827447
3279,3.102465368952298
3280,3.102502638174861
3281,3.1025398033417693
3282,3.102576864743547
3283,3.1026138226699063
3284,3.10265067740975
3285,3.102687429251176
3286,3.1027240784814754
3287,3.102760625387139
3288,3.1027970702538568
3289,3.102833413366522
3290,3.102869655009231
3291,3.1029057954652886
3292,3.1029418350172078
3293,3.102977773946713
3294,3.103013612534742
3295,3.1030493510614474
3296,3.103084989806201
3297,3.103120529047594
3298,3.1031559690634394
3299,3.1031913101307755
3300,3.103226552525866
3301,3.103261696524204
3302,3.103296742400513
3303,3.1033316904287496
3304,3.1033665408821056
3305,3.1034012940330102
3306,3.103435950153132
3307,3.1034705095133805
3308,3.1035049723839094
3309,3.103539339034118
3310,3.1035736097326536
3311,3.1036077847474126
3312,3.1036418643455446
3313,3.1036758487934524
3314,3.1037097383567955
3315,3.103743533300492
3316,3.1037772338887195
3317,3.1038108403849183
3318,3.1038443530517936
3319,3.103877772151317
3320,3.103911097944728
3321,3.1039443306925376
3322,3.103977470654529
3323,3.10401051808976
3324,3.1040434732565654
3325,3.1040763364125588
3326,3.104109107814634
3327,3.104141787718968
3328,3.104174376381023
3329,3.104206874055546
3330,3.104239280996576
3331,3.1042715974574397
3332,3.104303823690758
3333,3.104335959948446
3334,3.1043680064817156
3335,3.1043999635410775
3336,3.104431831376343
3337,3.104463610236625
3338,3.104495300370343
3339,3.10452690202522
3340,3.10455841544829
3341,3.1045898408858954
3342,3.104621178583692
3343,3.1046524287866495
3344,3.104683591739053
3345,3.104714667684506
3346,3.104745656865932
3347,3.1047765595255763
3348,3.1048073759050077
3349,3.1048381062451202
3350,3.1048687507861357
3351,3.1048993097676054
3352,3.1049297834284113
3353,3.104960172006769
3354,3.104990475740228
3355,3.105020694865676
3356,3.105050829619338
3357,3.10508088023678
3358,3.1051108469529107
3359,3.1051407300019824
3360,3.105170529617593
3361,3.1052002460326893
3362,3.105229879479567
3363,3.105259430189873
3364,3.105288898394608
3365,3.1053182843241274
3366,3.1053475882081436
3367,3.1053768102757275
3368,3.105405950755311
3369,3.1054350098746877
3370,3.1054639878610146
3371,3.1054928849408157
3372,3.1055217013399816
3373,3.1055504372837732
3374,3.1055790929968214
3375,3.1056076687031307
3376,3.1056361646260795
3377,3.105664580988423
3378,3.105692918012295
3379,3.1057211759192076
3380,3.105749354930056
3381,3.1057774552651174
3382,3.105805477144055
3383,3.105833420785918
3384,3.105861286409145
3385,3.1058890742315626
3386,3.105916784470392
3387,3.1059444173422457
3388,3.1059719730631326
3389,3.105999451848458
3390,3.106026853913026
3391,3.106054179471041
3392,3.1060814287361094
3393,3.1061086019212407
3394,3.1061356992388505
3395,3.1061627209007607
3396,3.1061896671182017
3397,3.106216538101815
3398,3.1062433340616527
3399,3.106270055207182
3400,3.1062967017472833
3401,3.106323273890256
3402,3.106349771843816
3403,3.106376195815101
3404,3.1064025460106692
3405,3.106428822636502
3406,3.1064550258980064
3407,3.106481156000015
3408,3.10650721314679
3409,3.106533197542022
3410,3.106559109388833
3411,3.106584948889778
3412,3.1066107162468475
3413,3.106636411661466
3414,3.106662035334498
3415,3.1066875874662454
3416,3.106713068256451
3417,3.1067384779043015
3418,3.1067638166084253
3419,3.1067890845668975
3420,3.10681428197724
3421,3.1068394090364233
3422,3.1068644659408675
3423,3.106889452886445
3424,3.1069143700684805
3425,3.106939217681754
3426,3.1069639959205015
3427,3.106988704978417
3428,3.1070133450486526
3429,3.107037916323822
3430,3.1070624189960014
3431,3.1070868532567304
3432,3.107111219297013
3433,3.1071355173073214
3434,3.107159747477595
3435,3.1071839099972434
3436,3.1072080050551465
3437,3.107232032839658
3438,3.1072559935386046
3439,3.1072798873392897
3440,3.107303714428493
3441,3.1073274749924735
3442,3.107351169216969
3443,3.1073747972871995
3444,3.1073983593878673
3445,3.10742185570316
3446,3.10744528641675
3447,3.1074686517117973
3448,3.1074919517709505
3449,3.107515186776348
3450,3.10753835690962
3451,3.1075614623518892
3452,3.1075845032837734
3453,3.107607479885385
3454,3.1076303923363344
3455,3.1076532408157305
3456,3.1076760255021814
3457,3.107698746573797
3458,3.10772140420819
3459,3.1077439985824773
3460,3.1077665298732806
3461,3.107788998256729
3462,3.1078114039084603
3463,3.107833747003621
3464,3.107856027716869
3465,3.1078782462223753
3466,3.107900402693823
3467,3.1079224973044117
3468,3.1079445302268565
3469,3.107966501633391
3470,3.1079884116957675
3471,3.108010260585259
3472,3.10803204847266
3473,3.108053775528288
3474,3.108075441921986
3475,3.1080970478231214
3476,3.1081185934005897
3477,3.1081400788228146
3478,3.1081615042577497
3479,3.1081828698728793
3480,3.10820417583522
3481,3.1082254223113224
3482,3.1082466094672725
3483,3.108267737468692
3484,3.10828880648074
3485,3.108309816668115
3486,3.1083307681950556
3487,3.1083516612253415
3488,3.1083724959222954
3489,3.108393272448784
3490,3.108413990967219
3491,3.108434651639559
3492,3.1084552546273105
3493,3.108475800091529
3494,3.1084962881928195
3495,3.1085167190913396
3496,3.1085370929467997
3497,3.1085574099184634
3498,3.108577670165151
3499,3.1085978738452376
3500,3.108618021116658
3501,3.108638112136905
3502,3.1086581470630317
3503,3.1086781260516525
3504,3.1086980492589453
3505,3.108717916840652
3506,3.1087377289520783
3507,3.108757485748098
3508,3.108777187383151
3509,3.108796834011247
3510,3.1088164257859656
3511,3.108835962860457
3512,3.108855445387445
3513,3.108874873519225
3514,3.1088942474076693
3515,3.108913567204225
3516,3.108932833059917
3517,3.1089520451253474
3518,3.1089712035506993
3519,3.1089903084857355
3520,3.109009360079801
3521,3.1090283584818237
3522,3.1090473038403155
3523,3.1090661963033743
3524,3.109085036018684
3525,3.109103823133516
3526,3.1091225577947315
3527,3.1091412401487806
3528,3.1091598703417045
3529,3.1091784485191374
3530,3.1091969748263066
3531,3.1092154494080337
3532,3.1092338724087365
3533,3.1092522439724286
3534,3.1092705642427227
3535,3.1092888333628297
3536,3.1093070514755605
3537,3.1093252187233285
3538,3.109343335248148
3539,3.1093614011916375
3540,3.1093794166950204
3541,3.109397381899125
3542,3.1094152969443876
3543,3.109433161970851
3544,3.109450977118168
3545,3.1094687425256007
3546,3.109486458332023
3547,3.1095041246759214
3548,3.109521741695395
3549,3.109539309528157
3550,3.1095568283115376
3551,3.109574298182482
3552,3.109591719277554
3553,3.1096090917329353
3554,3.1096264156844287
3555,3.1096436912674563
3556,3.1096609186170636
3557,3.1096780978679175
3558,3.10969522915431
3559,3.1097123126101582
3560,3.1097293483690045
3561,3.109746336564019
3562,3.1097632773280006
3563,3.1097801707933757
3564,3.1097970170922022
3565,3.1098138163561697
3566,3.109830568716599
3567,3.1098472743044447
3568,3.109863933250296
3569,3.1098805456843777
3570,3.10989711173655
3571,3.1099136315363114
3572,3.109930105212799
3573,3.109946532894788
3574,3.109962914710696
3575,3.1099792507885806
3576,3.1099955412561426
3577,3.110011786240726
3578,3.1100279858693187
3579,3.1100441402685552
3580,3.110060249564716
3581,3.110076313883728
3582,3.1100923333511683
3583,3.110108308092262
3584,3.1101242382318848
3585,3.1101401238945647
3586,3.110155965204481
3587,3.1101717622854665
3588,3.1101875152610083
3589,3.1102032242542488
3590,3.1102188893879865
3591,3.1102345107846774
3592,3.1102500885664353
3593,3.1102656228550325
3594,3.1102811137719026
3595,3.110296561438139
3596,3.1103119659744976
3597,3.110327327501397
3598,3.11034264613892
3599,3.1103579220068127
3600,3.110373155224489
3601,3.1103883459110278
3602,3.108080726572726
3603,3.1057795501066696
3604,3.1034847985243608
3605,3.1011964538875274
3606,3.09891449830798
3607,3.0966389139474733
3608,3.0943696830175664
3609,3.092106787779484
3610,3.089850210543977
3611,3.087599933671185
3612,3.085355939570497
3613,3.0831182107004165
3614,3.080886729568422
3615,3.0786614787308317
3616,3.076442440792666
3617,3.0742295984075123
3618,3.072022934277389
3619,3.0698224311526103
3620,3.067628071831652
3621,3.065439839161017
3622,3.0632577160350993
3623,3.061081685396053
3624,3.0589117302336573
3625,3.0567478335851836
3626,3.0545899785352635
3627,3.0524381482157565
3628,3.050292325805618
3629,3.048152494530767
3630,3.0460186376639564
3631,3.0438907385246416
3632,3.04176878047885
3633,3.03965274693905
3634,3.0375426213640244
3635,3.0354383872587376
3636,3.0333400281742082
3637,3.031247527707381
3638,3.0291608695009975
3639,3.0270800372434694
3640,3.0250050146687495
3641,3.0229357855562062
3642,3.020872333730495
3643,3.0188146430614338
3644,3.0167626974638755
3645,3.0147164808975826
3646,3.012675977367102
3647,3.010641170921641
3648,3.0086120456549397
3649,3.0065885857051495
3650,3.004570775254708
3651,3.0025585985302157
3652,3.0005520398023116
3653,2.9985510833855513
3654,2.9965557136382848
3655,2.994565914962533
3656,2.9925816718038667
3657,2.9906029686512845
3658,2.9886297900370917
3659,2.986662120536779
3660,2.984699944768903
3661,2.982743247394965
3662,2.9807920131192915
3663,2.978846226688914
3664,2.976905872893451
3665,2.974970936564988
3666,2.9730414025779592
3667,2.9711172558490295
3668,2.969198481336977
3669,2.967285064042574
3670,2.9653769890084707
3671,2.963474241319079
3672,2.961576806100455
3673,2.9596846685201816
3674,2.957797813787255
3675,2.955916227151968
3676,2.954039893905794
3677,2.9521687993812726
3678,2.950302928951895
3679,2.94844226803199
3680,2.946586802076609
3681,2.9447365165814134
3682,2.94289139708256
3683,2.9410514291565897
3684,2.939216598420313
3685,2.937386890530698
3686,2.93556229118476
3687,2.933742786119446
3688,2.931928361111527
3689,2.9301190019774848
3690,2.9283146945734018
3691,2.9265154247948497
3692,2.9247211785767804
3693,2.922931941893415
3694,2.9211477007581346
3695,2.919368441223371
3696,2.917594149380498
3697,2.9158248113597214
3698,2.914060413329972
3699,2.9123009414987973
3700,2.910546382112252
3701,2.9087967214547934
3702,2.907051945849172
3703,2.9053120416563245
3704,2.903576995275269
3705,2.9018467931429965
3706,2.900121421734367
3707,2.8984008675620014
3708,2.8966851171761787
3709,2.8949741571647283
3710,2.893267974152927
3711,2.891566554803394
3712,2.889869885815986
3713,2.888177953927694
3714,2.886490745912539
3715,2.8848082485814697
3716,2.8831304487822575
3717,2.8814573333993954
3718,2.879788889353995
3719,2.878125103603684
3720,2.876465963142505
3721,2.8748114550008115
3722,2.8731615662451704
3723,2.871516283978257
3724,2.8698755953387574
3725,2.868239487501265
3726,2.8666079476761834
3727,2.8649809631096232
3728,2.8633585210833044
3729,2.861740608914457
3730,2.86012721395572
3731,2.8585183235950455
3732,2.856913925255597
3733,2.8553140063956532
3734,2.853718554508509
3735,2.8521275571223788
3736,2.850541001800297
3737,2.848958876140023
3738,2.8473811677739422
3739,2.8458078643689717
3740,2.8442389536264616
3741,2.8426744232821
3742,2.8411142611058176
3743,2.8395584549016903
3744,2.838006992507846
3745,2.836459861796368
3746,2.834917050673201
3747,2.8333785470780564
3748,2.8318443389843173
3749,2.830314414398946
3750,2.828788761362388
3751,2.827267367948482
3752,2.8257502222643627
3753,2.82423731245037
3754,2.822728626679957
3755,2.821224153159595
3756,2.8197238801286844
3757,2.8182277958594595
3758,2.8167358886568996
3759,2.815248146858637
3760,2.8137645588348636
3761,2.8122851129882434
3762,2.8108097977538193
3763,2.8093386015989235
3764,2.807871513023088
3765,2.806408520557954
3766,2.804949612767181
3767,2.8034947782463613
3768,2.8020440056229257
3769,2.800597283556059
3770,2.7991546007366086
3771,2.797715945886998
3772,2.796281307761136
3773,2.7948506751443327
3774,2.7934240368532075
3775,2.7920013817356053
3776,2.790582698670507
3777,2.789167976567944
3778,2.78775720436891
3779,2.7863503710452764
3780,2.7849474655997044
3781,2.78354847706556
3782,2.7821533945068286
3783,2.7807622070180282
3784,2.779374903724125
3785,2.7779914737804488
3786,2.7766119063726067
3787,2.775236190716401
3788,2.7738643160577423
3789,2.772496271672567
3790,2.7711320468667533
3791,2.769771630976037
3792,2.768415013365929
3793,2.767062183431631
3794,2.7657131305979537
3795,2.764367844319234
3796,2.7630263140792524
3797,2.7616885293911495
3798,2.7603544797973463
3799,2.759024154869461
3800,2.757697544208228
3801,2.7563746374434164
3802,2.7550554242337486
3803,2.7537398942668205
3804,2.7524280372590195
3805,2.7511198429554455
3806,2.74981530112983
3807,2.7485144015844556
3808,2.7472171341500773
3809,2.7459234886858432
3810,2.7446334550792137
3811,2.7433470232458843
3812,2.7420641831297052
3813,2.7407849247026035
3814,2.7395092379645045
3815,2.7382371129432546
3816,2.7369685396945416
3817,2.735703508301818
3818,2.734442008876223
3819,2.733184031556506
3820,2.731929566508949
3821,2.7306786039272897
3822,2.7294311340326445
3823,2.7281871470734327
3824,2.7269466333253
3825,2.7257095830910427
3826,2.7244759867005315
3827,2.7232458345106356
3828,2.7220191169051486
3829,2.7207958242947123
3830,2.719575947116742
3831,2.718359475835352
3832,2.7171464009412793
3833,2.715936712951813
3834,2.714730402410716
3835,2.7135274598881547
3836,2.712327875980622
3837,2.7111316413108666
3838,2.7099387465278175
3839,2.708749182306513
3840,2.707562939348026
3841,2.706380008379391
3842,2.7052003801535354
3843,2.7040240454492017
3844,2.7028509950708792
3845,2.701681219848731
3846,2.7005147106385228
3847,2.69935145832155
3848,2.6981914538045686
3849,2.6970346880197225
3850,2.695881151924472
3851,2.694730836501526
3852,2.6935837327587686
3853,2.6924398317291898
3854,2.6912991244708153
3855,2.6901616020666377
3856,2.6890272556245454
3857,2.6878960762772537
3858,2.686768055182235
3859,2.68564318352165
3860,2.6845214525022794
3861,2.6834028533554544
3862,2.6822873773369875
3863,2.6811750157271064
3864,2.680065759830383
3865,2.6789596009756678
3866,2.6778565305160202
3867,2.6767565398286433
3868,2.6756596203148133
3869,2.6745657633998157
3870,2.673474960532875
3871,2.672387203187091
3872,2.67130248285937
3873,2.670220791070358
3874,2.669142119364377
3875,2.668066459309356
3876,2.6669938024967665
3877,2.6659241405415575
3878,2.664857465082088
3879,2.663793767780063
3880,2.6627330403204685
3881,2.6616752744115058
3882,2.660620461784526
3883,2.6595685941939675
3884,2.65851966341729
3885,2.6574736612549104
3886,2.6564305795301384
3887,2.6553904100891135
3888,2.6543531448007407
3889,2.653318775556627
3890,2.6522872942710176
3891,2.651258692880734
3892,2.65023296334511
3893,2.649210097645928
3894,2.648190087787358
3895,2.647172925795894
3896,2.6461586037202927
3897,2.6451471136315097
3898,2.644138447622639
3899,2.6431325978088505
3900,2.6421295563273293
3901,2.6411293153372126
3902,2.6401318670195293
3903,2.6391372035771394
3904,2.638145317234672
3905,2.6371562002384654
3906,2.636169844856506
3907,2.6351862433783677
3908,2.6342053881151526
3909,2.6332272713994294
3910,2.6322518855851746
3911,2.631279223047713
3912,2.630309276183656
3913,2.6293420374108454
3914,2.628377499168291
3915,2.6274156539161138
3916,2.6264564941354855
3917,2.6255000123285708
3918,2.624546201018468
3919,2.6235950527491516
3920,2.6226465600854123
3921,2.6217007156128003
3922,2.6207575119375672
3923,2.6198169416866084
3924,2.618878997507404
3925,2.617943672067962
3926,2.6170109580567633
3927,2.6160808481827007
3928,2.6151533351750245
3929,2.6142284117832846
3930,2.6133060707772744
3931,2.612386304946974
3932,2.6114691071024945
3933,2.6105544700740198
3934,2.609642386711753
3935,2.608732849885859
3936,2.607825852486409
3937,2.606921387423326
3938,2.606019447626328
3939,2.6051200260448724
3940,2.604223115648103
3941,2.6033287094247926
3942,2.6024368003832907
3943,2.601547381551466
3944,2.6006604459766547
3945,2.599775986725604
3946,2.598893996884419
3947,2.598014469558508
3948,2.59713739787253
3949,2.596262774970339
3950,2.5953905940149316
3951,2.5945208481883935
3952,2.593653530691846
3953,2.5927886347453923
3954,2.5919261535880658
3955,2.5910660804777765
3956,2.590208408691258
3957,2.589353131524015
3958,2.588500242290271
3959,2.587649734322918
3960,2.5868016009734602
3961,2.585955835611966
3962,2.5851124316270138
3963,2.584271382425641
3964,2.583432681433293
3965,2.5825963220937713
3966,2.5817622978691817
3967,2.5809306022398846
3968,2.580101228704443
3969,2.5792741707795717
3970,2.578449422000087
3971,2.5776269759188555
3972,2.576806826106745
3973,2.5759889661525737
3974,2.575173389663058
3975,2.5743600902627666
3976,2.573549061594066
3977,2.572740297317076
3978,2.5719337911096147
3979,2.5711295366671534
3980,2.5703275277027653
3981,2.569527757947076
3982,2.5687302211482166
3983,2.5679349110717715
3984,2.5671418215007336
3985,2.566350946235452
3986,2.5655622790935864
3987,2.5647758139100567
3988,2.5639915445369965
3989,2.5632094648437036
3990,2.562429568716593
3991,2.5616518500591496
3992,2.560876302791878
3993,2.560102920852258
3994,2.559331698194696
3995,2.5585626287904772
3996,2.557795706627719
3997,2.557030925711324
3998,2.556268280062934
3999,2.5555077637208807
4000,2.554749370740142
4001,2.553993095192294
4002,2.5532389311654646
4003,2.552486872764289
4004,2.5517369141098603
4005,2.5509890493396865
4006,2.550243272607644
4007,2.5494995780839314
4008,2.548757959955023
4009,2.5480184124236263
4010,2.5472809297086334
4011,2.546545506045078
4012,2.545812135684089
4013,2.545080812892847
4014,2.544351531954537
4015,2.5436242871683077
4016,2.542899072849223
4017,2.542175883328219
4018,2.5414547129520604
4019,2.540735556083296
4020,2.540018407100214
4021,2.5393032603967978
4022,2.538590110382684
4023,2.537878951483117
4024,2.537169778138905
4025,2.5364625848063787
4026,2.5357573659573465
4027,2.5350541160790514
4028,2.5343528296741273
4029,2.533653501260558
4030,2.532956125371632
4031,2.532260696555902
4032,2.531567209377139
4033,2.5308756584142946
4034,2.5301860382614545
4035,2.529498343527798
4036,2.528812568837555
4037,2.528128708829966
4038,2.527446758159237
4039,2.5267667114945005
4040,2.5260885635197727
4041,2.525412308933912
4042,2.524737942450577
4043,2.524065458798187
4044,2.5233948527198775
4045,2.5227261189734635
4046,2.522059252331395
4047,2.521394247580717
4048,2.52073109952303
4049,2.5200698029744473
4050,2.519410352765557
4051,2.518752743741379
4052,2.518096970761326
4053,2.517443028699164
4054,2.5167909124429713
4055,2.5161406168950977
4056,2.515492136972127
4057,2.5148454676048346
4058,2.5142006037381504
4059,2.513557540331117
4060,2.5129162723568514
4061,2.512276794802507
4062,2.5116391026692315
4063,2.51100319097213
4064,2.510369054740226
4065,2.509736689016421
4066,2.509106088857457
4067,2.508477249333878
4068,2.5078501655299905
4069,2.5072248325438258
4070,2.5066012454871016
4071,2.5059793994851836
4072,2.5053592896770476
4073,2.504740911215241
4074,2.504124259265846
4075,2.5035093290084407
4076,2.5028961156360614
4077,2.502284614355166
4078,2.5016748203855954
4079,2.5010667289605375
4080,2.5004603353264883
4081,2.4998556347432164
4082,2.499252622483725
4083,2.498651293834214
4084,2.4980516440940455
4085,2.497453668575705
4086,2.4968573626047665
4087,2.496262721519854
4088,2.495669740672606
4089,2.4950784154276398
4090,2.494488741162515
4091,2.493900713267696
4092,2.493314327146518
4093,2.4927295782151497
4094,2.4921464619025575
4095,2.4915649736504704
4096,2.4909851089133443
4097,2.4904068631583263
4098,2.4898302318652186
4099,2.4892552105264443
4100,2.488681794647012
4101,2.4881099797444794
4102,2.48753976134892
4103,2.4869711350028862
4104,2.4864040962613774
4105,2.485838640691802
4106,2.4852747638739445
4107,2.4847124613999307
4108,2.4841517288741937
4109,2.4835925619134382
4110,2.483034956146607
4111,2.482478907214848
4112,2.4819244107714784
4113,2.4813714624819507
4114,2.4808200580238204
4115,2.4802701930867106
4116,2.4797218633722795
4117,2.4791750645941857
4118,2.478629792478056
4119,2.47808604276145
4120,2.4775438111938297
4121,2.4770030935365237
4122,2.4764638855626946
4123,2.475926183057307
4124,2.4753899818170937
4125,2.474855277650523
4126,2.4743220663777654
4127,2.4737903438306623
4128,2.473260105852692
4129,2.472731348298939
4130,2.4722040670360586
4131,2.4716782579422474
4132,2.4711539169072103
4133,2.470631039832128
4134,2.470109622629624
4135,2.469589661223736
4136,2.469071151549879
4137,2.4685540895548184
4138,2.468038471196636
4139,2.4675242924446974
4140,2.4670115492796234
4141,2.4665002376932557
4142,2.465990353688627
4143,2.4654818932799296
4144,2.464974852492485
4145,2.4644692273627102
4146,2.46396501393809
4147,2.4634622082771447
4148,2.462960806449398
4149,2.4624608045353487
4150,2.4619621986264377
4151,2.4614649848250196
4152,2.460969159244331
4153,2.46047471800846
4154,2.459981657252316
4155,2.459489973121601
4156,2.458999661772777
4157,2.4585107193730376
4158,2.458023142100277
4159,2.4575369261430624
4160,2.4570520677006003
4161,2.4565685629827105
4162,2.4560864082097944
4163,2.4556055996128063
4164,2.4551261334332235
4165,2.454648005923017
4166,2.4541712133446225
4167,2.453695751970911
4168,2.45322161808516
4169,2.452748807981023
4170,2.4522773179625026
4171,2.4518071443439204
4172,2.4513382834498882
4173,2.4508707316152796
4174,2.450404485185201
4175,2.449939540514964
4176,2.449475893970055
4177,2.4490135419261088
4178,2.4485524807688797
4179,2.448092706894212
4180,2.4476342167080136
4181,2.4471770066262266
4182,2.4467210730748
4183,2.446266412489662
4184,2.445813021316691
4185,2.4453608960116884
4186,2.444910033040352
4187,2.444460428878246
4188,2.4440120800107765
4189,2.4435649829331605
4190,2.4431191341504017
4191,2.442674530177261
4192,2.442231167538231
4193,2.441789042767507
4194,2.441348152408961
4195,2.4409084930161153
4196,2.4404700611521135
4197,2.440032853389696
4198,2.439596866311172
4199,2.439162096508392
4200,2.438728540582723
4201,2.43829619514502
4202,2.4378650568156015
4203,2.4374351222242217
4204,2.4370063880100443
4205,2.436578850821617
4206,2.436152507316844
4207,2.435727354162961
4208,2.4353033880365094
4209,2.4348806056233085
4210,2.4344590036184317
4211,2.434038578726179
4212,2.433619327660053
4213,2.4332012471427316
4214,2.4327843339060427
4215,2.4323685846909395
4216,2.431953996247474
4217,2.4315405653347724
4218,2.431128288721009
4219,2.4307171631833824
4220,2.4303071855080876
4221,2.429898352490294
4222,2.429490660934118
4223,2.4290841076525997
4224,2.4286786894676764
4225,2.4282744032101586
4226,2.427871245719706
4227,2.427469213844801
4228,2.4270683044427255
4229,2.426668514379536
4230,2.426269840530039
4231,2.425872279777766
4232,2.4254758290149496
4233,2.4250804851425003
4234,2.4246862450699807
4235,2.4242931057155817
4236,2.4239010640060985
4237,2.423510116876907
4238,2.42312026127194
4239,2.4227314941436617
4240,2.422343812453046
4241,2.421957213169551
4242,2.4215716932710967
4243,2.4211872497440408
4244,2.4208038795831546
4245,2.4204215797915998
4246,2.420040347380906
4247,2.4196601793709465
4248,2.4192810727899148
4249,2.4189030246743015
4250,2.4185260320688715
4251,2.418150092026641
4252,2.4177752016088543
4253,2.41740135788496
4254,2.417028557932589
4255,2.4166567988375323
4256,2.416286077693716
4257,2.4159163916031807
4258,2.4155477376760586
4259,2.4151801130305497
4260,2.4148135147929
4261,2.414447940097379
4262,2.4140833860862583
4263,2.4137198499097865
4264,2.4133573287261703
4265,2.4129958197015497
4266,2.4126353200099775
4267,2.412275826833396
4268,2.411917337361616
4269,2.411559848792294
4270,2.4112033583309103
4271,2.4108478631907486
4272,2.4104933605928722
4273,2.4101398477661036
4274,2.409787321947002
4275,2.4094357803798427
4276,2.4090852203165944
4277,2.4087356390168986
4278,2.408387033748048
4279,2.408039401784965
4280,2.4076927404101798
4281,2.4073470469138107
4282,2.4070023185935416
4283,2.406658552754601
4284,2.406315746709742
4285,2.405973897779219
4286,2.40563300329077
4287,2.4052930605795924
4288,2.4049540669883247
4289,2.404616019867025
4290,2.4042789165731486
4291,2.4039427544715304
4292,2.403607530934362
4293,2.4032732433411716
4294,2.4029398890788043
4295,2.4026074655414003
4296,2.4022759701303764
4297,2.401945400254404
4298,2.401615753329389
4299,2.4012870267784536
4300,2.4009592180319133
4301,2.4006323245272587
4302,2.400306343709135
4303,2.3999812730293213
4304,2.399657109946712
4305,2.3993338519272966
4306,2.3990114964441385
4307,2.398690040977357
4308,2.3983694830141067
4309,2.3980498200485583
4310,2.3977310495818784
4311,2.3974131691222103
4312,2.397096176184655
4313,2.3967800682912515
4314,2.396464842970956
4315,2.3961504977596255
4316,2.395837030199996
4317,2.3955244378416642
4318,2.3952127182410687
4319,2.39490186896147
4320,2.3945918875729317
4321,2.3942827716523034
4322,2.3939745187831982
4323,2.393667126555977
4324,2.393360592567728
4325,2.3930549144222484
4326,2.3927500897300256
4327,2.3924461161082182
4328,2.392142991180638
4329,2.391840712577731
4330,2.391539277936559
4331,2.3912386849007814
4332,2.3909389311206364
4333,2.3906400142529223
4334,2.39034193196098
4335,2.3900446819146746
4336,2.3897482617903765
4337,2.3894526692709435
4338,2.3891579020457034
4339,2.388863957810435
4340,2.388570834267351
4341,2.3882785291250785
4342,2.3879870400986434
4343,2.3876963649094503
4344,2.387406501285266
4345,2.3871174469602017
4346,2.3868291996746938
4347,2.3865417571754888
4348,2.3862551172156237
4349,2.3859692775544086
4350,2.3856842359574104
4351,2.385399990196434
4352,2.385116538049505
4353,2.384833877300854
4354,2.3845520057408973
4355,2.38427092116622
4356,2.38399062137956
4357,2.383711104189789
4358,2.3834323674118973
4359,2.3831544088669747
4360,2.3828772263821953
4361,2.3826008177907996
4362,2.3823251809320776
4363,2.382050313651352
4364,2.381776213799961
4365,2.381502879235243
4366,2.3812303078205175
4367,2.3809584974250697
4368,2.3806874459241345
4369,2.3804171511988783
4370,2.380147611136384
4371,2.3798788236296335
4372,2.3796107865774916
4373,2.379343497884689
4374,2.379076955461807
4375,2.37881115722526
4376,2.378546101097281
4377,2.378281785005902
4378,2.3780182068849416
4379,2.3777553646739866
4380,2.3774932563183766
4381,2.377231879769188
4382,2.376971232983217
4383,2.3767113139229656
4384,2.376452120556624
4385,2.3761936508580543
4386,2.375935902806777
4387,2.375678874387953
4388,2.3754225635923687
4389,2.3751669684164205
4390,2.3749120868620985
4391,2.3746579169369713
4392,2.3744044566541707
4393,2.3741517040323754
4394,2.3738996570957966
4395,2.373648313874161
4396,2.3733976724026973
4397,2.3731477307221187
4398,2.3728984868786096
4399,2.3726499389238094
4400,2.3724020849147966
4401,2.3721549229140755
4402,2.371908450989559
4403,2.3716626672145544
4404,2.3714175696677486
4405,2.371173156433193
4406,2.3709294256002877
4407,2.3706863752637677
4408,2.3704440035236876
4409,2.370202308485406
4410,2.369961288259572
4411,2.36972094096211
4412,2.3694812647142034
4413,2.3692422576422825
4414,2.3690039178780085
4415,2.3687662435582584
4416,2.3685292328251113
4417,2.3682928838258337
4418,2.3680571947128652
4419,2.3678221636438033
4420,2.3675877887813894
4421,2.3673540682934955
4422,2.3671210003531074
4423,2.366888583138313
4424,2.3666568148322873
4425,2.3664256936232766
4426,2.3661952177045866
4427,2.365965385274567
4428,2.3657361945365976
4429,2.3655076436990745
4430,2.365279730975396
4431,2.365052454583948
4432,2.364825812748092
4433,2.3645998036961484
4434,2.364374425661385
4435,2.3641496768820023
4436,2.363925555601119
4437,2.36370206006676
4438,2.363479188531841
4439,2.363256939254156
4440,2.3630353104963633
4441,2.362814300525971
4442,2.3625939076153255
4443,2.3623741300415957
4444,2.3621549660867616
4445,2.3619364140375994
4446,2.3617184721856685
4447,2.361501138827299
4448,2.3612844122635765
4449,2.3610682908003313
4450,2.3608527727481223
4451,2.3606378564222266
4452,2.360423540142625
4453,2.3602098222339873
4454,2.359996701025663
4455,2.359784174851665
4456,2.3595722420506573
4457,2.359360900965943
4458,2.3591501499454504
4459,2.3589399873417207
4460,2.3587304115118943
4461,2.3585214208176986
4462,2.3583130136254353
4463,2.358105188305967
4464,2.3578979432347054
4465,2.3576912767915976
4466,2.3574851873611142
4467,2.357279673332236
4468,2.357074733098442
4469,2.3568703650576963
4470,2.3566665676124368
4471,2.3564633391695606
4472,2.3562606781404134
4473,2.3560585829407765
4474,2.3558570519908537
4475,2.3556560837152607
4476,2.3554556765430106
4477,2.3552558289075027
4478,2.3550565392465113
4479,2.3548578060021716
4480,2.3546596276209684
4481,2.354462002553724
4482,2.3542649292555864
4483,2.354068406186016
4484,2.3538724318087754
4485,2.3536770045919155
4486,2.3534821230077645
4487,2.3532877855329164
4488,2.3530939906482184
4489,2.352900736838759
4490,2.352708022593856
4491,2.3525158464070457
4492,2.35232420677607
4493,2.352133102202865
4494,2.3519425311935502
4495,2.351752492258415
4496,2.351562983911909
4497,2.351374004672629
4498,2.351185553063307
4499,2.3509976276108007
4500,2.3508102268460807
4501,2.3506233493042186
4502,2.3504369935243767
4503,2.3502511580497956
4504,2.3500658414277833
4505,2.3498810422097036
4506,2.349696758950965
4507,2.349512990211009
4508,2.3493297345532995
4509,2.349146990545311
4510,2.3489647567585177
4511,2.348783031768382
4512,2.3486018141543443
4513,2.3484211024998105
4514,2.348240895392142
4515,2.348061191422644
4516,2.347881989186555
4517,2.3477032872830357
4518,2.3475250843151576
4519,2.3473473788898924
4520,2.347170169618102
4521,2.3469934551145255
4522,2.34681723399777
4523,2.3466415048903007
4524,2.346466266418427
4525,2.3462915172122947
4526,2.3461172559058743
4527,2.34594348113695
4528,2.3457701915471088
4529,2.345597385781731
4530,2.34542506248998
4531,2.3452532203247882
4532,2.3450818579428514
4533,2.3449109740046143
4534,2.3447405671742625
4535,2.344570636119711
4536,2.3444011795125945
4537,2.3442321960282553
4538,2.344063684345735
4539,2.343895643147763
4540,2.3437280711207467
4541,2.343560966954761
4542,2.3433943293435378
4543,2.343228156984457
4544,2.343062448578534
4545,2.3428972028304127
4546,2.3427324184483522
4547,2.3425680941442186
4548,2.342404228633475
4549,2.34224082063517
4550,2.342077868871929
4551,2.341915372069944
4552,2.3417533289589634
4553,2.341591738272282
4554,2.3414305987467317
4555,2.3412699091226705
4556,2.341109668143974
4557,2.3409498745580235
4558,2.3407905271156997
4559,2.3406316245713694
4560,2.340473165682878
4561,2.3403151492115377
4562,2.3401575739221205
4563,2.340000438582847
4564,2.339843741965376
4565,2.3396874828447967
4566,2.3395316599996177
4567,2.3393762722117586
4568,2.339221318266539
4569,2.3390667969526713
4570,2.3389127070622484
4571,2.3387590473907363
4572,2.3386058167369637
4573,2.3384530139031137
4574,2.338300637694713
4575,2.3381486869206234
4576,2.3379971603930327
4577,2.337846056927445
4578,2.337695375342671
4579,2.3375451144608195
4580,2.3373952731072887
4581,2.3372458501107554
4582,2.3370968443031668
4583,2.336948254519732
4584,2.3368000795989117
4585,2.3366523183824093
4586,2.3365049697151625
4587,2.336358032445334
4588,2.336211505424303
4589,2.3360653875066544
4590,2.3359196775501716
4591,2.3357743744158275
4592,2.335629476967775
4593,2.335484984073338
4594,2.3353408946030028
4595,2.3351972074304097
4596,2.3350539214323436
4597,2.334911035488725
4598,2.334768548482602
4599,2.334626459300142
4600,2.334484766830621
4601,2.3343434699664165
4602,2.334202567602999
4603,2.3340620586389225
4604,2.3339219419758157
4605,2.333782216518375
4606,2.3336428811743537
4607,2.333503934854556
4608,2.333365376472826
4609,2.333227204946041
4610,2.333089419194102
4611,2.3329520181399257
4612,2.332815000709436
4613,2.332678365831556
4614,2.3325421124381993
4615,2.3324062394642606
4616,2.3322707458476093
4617,2.33213563052908
4618,2.3320008924524647
4619,2.331866530564504
4620,2.3317325438148795
4621,2.3315989311562046
4622,2.331465691544018
4623,2.331332823936774
4624,2.331200327295835
4625,2.3310682005854626
4626,2.3309364427728116
4627,2.330805052827919
4628,2.3306740297236987
4629,2.330543372435932
4630,2.3304130799432587
4631,2.3302831512271713
4632,2.330153585272006
4633,2.3300243810649346
4634,2.329895537595956
4635,2.3297670538578896
4636,2.3296389288463675
4637,2.3295111615598247
4638,2.3293837509994937
4639,2.3292566961693946
4640,2.329129996076329
4641,2.3290036497298714
4642,2.328877656142361
4643,2.3287520143288956
4644,2.3286267233073215
4645,2.328501782098228
4646,2.328377189724939
4647,2.3282529452135052
4648,2.328129047592696
4649,2.3280054958939935
4650,2.327882289151583
4651,2.3277594264023467
4652,2.3276369066858558
4653,2.327514729044363
4654,2.327392892522795
4655,2.327271396168745
4656,2.327150239032466
4657,2.3270294201668613
4658,2.32690893862748
4659,2.3267887934725073
4660,2.3266689837627577
4661,2.3265495085616688
4662,2.326430366935292
4663,2.3263115579522875
4664,2.3261930806839146
4665,2.3260749342040263
4666,2.325957117589061
4667,2.3258396299180366
4668,2.325722470272541
4669,2.325605637736728
4670,2.3254891313973065
4671,2.325372950343537
4672,2.325257093667222
4673,2.3251415604626997
4674,2.325026349826837
4675,2.3249114608590222
4676,2.3247968926611584
4677,2.324682644337656
4678,2.3245687149954257
4679,2.3244551037438725
4680,2.3243418096948867
4681,2.3242288319628392
4682,2.324116169664573
4683,2.3240038219193977
4684,2.3238917878490803
4685,2.3237800665778416
4686,2.3236686572323464
4687,2.323557558941698
4688,2.3234467708374313
4689,2.323336292053506
4690,2.3232261217263
4691,2.323116258994603
4692,2.3230067029996073
4693,2.3228974528849045
4694,2.3227885077964774
4695,2.3226798668826922
4696,2.3225715292942937
4697,2.3224634941843973
4698,2.3223557607084837
4699,2.3222483280243904
4700,2.322141195292307
4701,2.322034361674768
4702,2.321927826336645
4703,2.3218215884451423
4704,2.321715647169789
4705,2.321610001682433
4706,2.3215046511572344
4707,2.3213995947706585
4708,2.3212948317014708
4709,2.3211903611307294
4710,2.3210861822417788
4711,2.320982294220243
4712,2.320878696254021
4713,2.320775387533278
4714,2.320672367250441
4715,2.320569634600191
4716,2.3204671887794586
4717,2.3203650289874154
4718,2.3202631544254695
4719,2.320161564297259
4720,2.3200602578086444
4721,2.3199592341677047
4722,2.319858492584729
4723,2.319758032272212
4724,2.3196578524448457
4725,2.3195579523195162
4726,2.3194583311152956
4727,2.3193589880534367
4728,2.3192599223573653
4729,2.3191611332526767
4730,2.319062619967128
4731,2.3189643817306322
4732,2.318866417775252
4733,2.318768727335195
4734,2.318671309646807
4735,2.318574163948565
4736,2.318477289481072
4737,2.318380685487053
4738,2.318284351211345
4739,2.3181882859008955
4740,2.318092488804753
4741,2.317996959174064
4742,2.317901696262065
4743,2.3178066993240765
4744,2.3177119676175
4745,2.3176175004018096
4746,2.317523296938546
4747,2.317429356491314
4748,2.3173356783257715
4749,2.317242261709629
4750,2.31714910591264
4751,2.3170562102065984
4752,2.31696357386533
4753,2.316871196164688
4754,2.316779076382548
4755,2.3166872137988026
4756,2.316595607695353
4757,2.3165042573561068
4758,2.31641316206697
4759,2.316322321115843
4760,2.316231733792614
4761,2.3161413993891546
4762,2.3160513171993125
4763,2.3159614865189075
4764,2.315871906645725
4765,2.315782576879512
4766,2.3156934965219698
4767,2.3156046648767488
4768,2.3155160812494446
4769,2.3154277449475917
4770,2.315339655280657
4771,2.3152518115600365
4772,2.315164213099048
4773,2.3150768592129265
4774,2.314989749218819
4775,2.3149028824357796
4776,2.3148162581847624
4777,2.3147298757886188
4778,2.3146437345720896
4779,2.3145578338618016
4780,2.314472172986261
4781,2.3143867512758503
4782,2.31430156806282
4783,2.3142166226812853
4784,2.3141319144672208
4785,2.314047442758455
4786,2.313963206894666
4787,2.313879206217374
4788,2.313795440069938
4789,2.3137119077975514
4790,2.3136286087472353
4791,2.3135455422678333
4792,2.313462707710008
4793,2.3133801044262334
4794,2.3132977317707937
4795,2.313215589099774
4796,2.313133675771058
4797,2.313051991144322
4798,2.3129705345810305
4799,2.3128893054444304
4800,2.3128083030995463
4801,2.312727526913176
4802,2.3126469762538844
4803,2.3125666504920006
4804,2.312486548999611
4805,2.3124066711505553
4806,2.3123270163204213
4807,2.31224758388654
4808,2.312168373227982
4809,2.31208938372555
4810,2.312010614761776
4811,2.311932065720917
4812,2.3118537359889473
4813,2.3117756249535573
4814,2.3116977320041463
4815,2.311620056531818
4816,2.3115425979293764
4817,2.311465355591321
4818,2.3113883289138415
4819,2.311311517294814
4820,2.3112349201337956
4821,2.311158536832019
4822,2.3110823667923897
4823,2.3110064094194795
4824,2.3109306641195237
4825,2.310855130300414
4826,2.3107798073716963
4827,2.310704694744565
4828,2.3106297918318575
4829,2.3105550980480514
4830,2.310480612809259
4831,2.310406335533223
4832,2.310332265639311
4833,2.310258402548512
4834,2.3101847456834324
4835,2.3101112944682898
4836,2.31003804832891
4837,2.309965006692721
4838,2.3098921689887506
4839,2.3098195346476196
4840,2.309747103101539
4841,2.3096748737843056
4842,2.309602846131296
4843,2.309531019579464
4844,2.3094593935673355
4845,2.3093879675350033
4846,2.309316740924124
4847,2.3092457131779134
4848,2.3091748837411408
4849,2.3091042520601266
4850,2.3090338175827365
4851,2.3089635797583785
4852,2.308893538037997
4853,2.3088236918740703
4854,2.3087540407206046
4855,2.3086845840331307
4856,2.3086153212686997
4857,2.3085462518858786
4858,2.308477375344746
4859,2.3084086911068877
4860,2.3083401986353937
4861,2.3082718973948517
4862,2.308203786851345
4863,2.3081358664724485
4864,2.3080681357272215
4865,2.3080005940862076
4866,2.3079332410214275
4867,2.3078660760063765
4868,2.30779909851602
4869,2.307732308026789
4870,2.3076657040165767
4871,2.3075992859647334
4872,2.3075330533520635
4873,2.307467005660821
4874,2.3074011423747054
4875,2.3073354629788576
4876,2.307269966959856
4877,2.3072046538057127
4878,2.3071395230058687
4879,2.307074574051191
4880,2.3070098064339684
4881,2.3069452196479063
4882,2.3068808131881244
4883,2.306816586551152
4884,2.3067525392349237
4885,2.306688670738776
4886,2.306624980563443
4887,2.306561468211054
4888,2.306498133185126
4889,2.3064349749905646
4890,2.3063719931336566
4891,2.3063091871220673
4892,2.3062465564648362
4893,2.3061841006723744
4894,2.3061218192564596
4895,2.3060597117302324
4896,2.305997777608193
4897,2.305936016406197
4898,2.3058744276414513
4899,2.305813010832512
4900,2.3057517654992776
4901,2.3056906911629884
4902,2.3056297873462213
4903,2.3055690535728854
4904,2.30550848936822
4905,2.305448094258789
4906,2.3053878677724784
4907,2.3053278094384932
4908,2.3052679187873517
4909,2.305208195350884
4910,2.3051486386622257
4911,2.305089248255818
4912,2.3050300236674004
4913,2.3049709644340095
4914,2.304912070093974
4915,2.3048533401869116
4916,2.304794774253726
4917,2.304736371836601
4918,2.304678132479001
4919,2.3046200557256635
4920,2.3045621411225974
4921,2.3045043882170795
4922,2.30444679655765
4923,2.30438936569411
4924,2.3043320951775175
4925,2.3042749845601835
4926,2.30421803339567
4927,2.304161241238784
4928,2.304104607645577
4929,2.3040481321733393
4930,2.3039918143805966
4931,2.303935653827108
4932,2.3038796500738616
4933,2.3038238026830715
4934,2.3037681112181736
4935,2.303712575243823
4936,2.3036571943258894
4937,2.3036019680314563
4938,2.3035468959288146
4939,2.3034919775874605
4940,2.303437212578093
4941,2.3033826004726095
4942,2.3033281408441018
4943,2.3032738332668545
4944,2.3032196773163407
4945,2.3031656725692184
4946,2.3031118186033277
4947,2.303058114997688
4948,2.303004561332493
4949,2.302951157189109
4950,2.3028979021500717
4951,2.3028447957990816
4952,2.3027918377210015
4953,2.3027390275018536
4954,2.302686364728816
4955,2.302633848990219
4956,2.302581479875543
4957,2.302529256975413
4958,2.302477179881599
4959,2.3024252481870096
4960,2.30237346148569
4961,2.302321819372819
4962,2.302270321444706
4963,2.302218967298787
4964,2.3021677565336227
4965,2.3021166887488937
4966,2.3020657635453987
4967,2.3020149805250507
4968,2.301964339290875
4969,2.3019138394470042
4970,2.301863480598677
4971,2.3018132623522334
4972,2.301763184315113
4973,2.301713246095852
4974,2.3016634473040787
4975,2.3016137875505116
4976,2.301564266446956
4977,2.301514883606301
4978,2.301465638642517
4979,2.3014165311706516
4980,2.3013675608068276
4981,2.301318727168239
4982,2.3012700298731494
4983,2.301221468540888
4984,2.301173042791846
4985,2.3011247522474756
4986,2.3010765965302853
4987,2.3010285752638375
4988,2.300980688072746
4989,2.300932934582672
4990,2.3008853144203227
4991,2.300837827213447
4992,2.3007904725908337
4993,2.300743250182307
4994,2.3006961596187256
4995,2.3006492005319785
4996,2.3006023725549825
4997,2.3005556753216787
4998,2.3005091084670313
4999,2.300462671627023
5000,2.300416364438653
5001,2.3003701865399337
5002,2.3003241375698886
5003,2.300278217168549
5004,2.3002324249769512
5005,2.3001867606371333
5006,2.3001412237921337
5007,2.3000958140859864
5008,2.3000505311637203
5009,2.3000053746713545
5010,2.2999603442558967
5011,2.2999154395653405
5012,2.299870660248662
5013,2.299826005955817
5014,2.2997814763377393
5015,2.299737071046337
5016,2.29969278973449
5017,2.299648632056048
5018,2.2996045976658257
5019,2.299560686219603
5020,2.29951689737412
5021,2.2994732307870756
5022,2.299429686117124
5023,2.299386263023873
5024,2.2993429611678806
5025,2.2992997802106525
5026,2.299256719814639
5027,2.299213779643234
5028,2.2991709593607697
5029,2.2991282586325164
5030,2.299085677124679
5031,2.2990432145043935
5032,2.299000870439727
5033,2.2989586445996713
5034,2.2989165366541435
5035,2.2988745462739826
5036,2.2988326731309456
5037,2.298790916897707
5038,2.2987492772478544
5039,2.2987077538558873
5040,2.2986663463972135
5041,2.2986250545481473
5042,2.2985838779859065
5043,2.298542816388611
5044,2.298501869435278
5045,2.2984610368058216
5046,2.29842031818105
5047,2.298379713242662
5048,2.2983392216732454
5049,2.298298843156274
5050,2.2982585773761053
5051,2.2982184240179784
5052,2.2981783827680107
5053,2.2981384533131965
5054,2.298098635341404
5055,2.2980589285413724
5056,2.29801933260271
5057,2.297979847215892
5058,2.297940472072258
5059,2.2979012068640086
5060,2.2978620512842047
5061,2.2978230050267636
5062,2.2977840677864574
5063,2.29774523925891
5064,2.297706519140595
5065,2.2976679071288353
5066,2.297629402921796
5067,2.297591006218487
5068,2.297552716718758
5069,2.2975145341232968
5070,2.297476458133626
5071,2.297438488452103
5072,2.2974006247819148
5073,2.2973628668270782
5074,2.2973252142924365
5075,2.2972876668836557
5076,2.297250224307225
5077,2.297212886270452
5078,2.297175652481463
5079,2.297138522649197
5080,2.297101496483408
5081,2.297064573694658
5082,2.2970277539943194
5083,2.296991037094569
5084,2.2969544227083873
5085,2.296917910549557
5086,2.2968815003326593
5087,2.296845191773072
5088,2.296808984586968
5089,2.296772878491313
5090,2.296736873203862
5091,2.2967009684431594
5092,2.2966651639285334
5093,2.2966294593800978
5094,2.2965938545187465
5095,2.2965583490661534
5096,2.2965229427447698
5097,2.2964876352778205
5098,2.2964524263893047
5099,2.296417315803991
5100,2.296382303247417
5101,2.2963473884458865
5102,2.296312571126468
5103,2.2962778510169906
5104,2.2962432278460447
5105,2.296208701342978
5106,2.2961742712378936
5107,2.2961399372616484
5108,2.296105699145851
5109,2.2960715566228584
5110,2.2960375094257763
5111,2.2960035572884543
5112,2.295969699945486
5113,2.2959359371322052
5114,2.2959022685846855
5115,2.2958686940397364
5116,2.295835213234903
5117,2.295801825908463
5118,2.2957685317994247
5119,2.295735330647525
5120,2.2957022221932277
5121,2.2956692061777213
5122,2.2956362823429166
5123,2.2956034504314453
5124,2.295570710186657
5125,2.295538061352619
5126,2.295505503674112
5127,2.2954730368966305
5128,2.295440660766378
5129,2.2954083750302683
5130,2.2953761794359204
5131,2.2953440737316586
5132,2.29531205766651
5133,2.295280130990202
5134,2.295248293453161
5135,2.2952165448065105
5136,2.2951848848020684
5137,2.295153313192346
5138,2.2951218297305447
5139,2.2950904341705556
5140,2.295059126266957
5141,2.295027905775013
5142,2.2949967724506695
5143,2.2949657260505547
5144,2.294934766331976
5145,2.2949038930529193
5146,2.294873105972045
5147,2.2948424048486875
5148,2.294811789442854
5149,2.294781259515221
5150,2.2947508148271334
5151,2.2947204551406024
5152,2.294690180218304
5153,2.2946599898235758
5154,2.2946298837204173
5155,2.2945998616734866
5156,2.2945699234480985
5157,2.2945400688102233
5158,2.294510297526485
5159,2.2944806093641588
5160,2.2944510040911696
5161,2.2944214814760904
5162,2.2943920412881402
5163,2.294362683297183
5164,2.294333407273724
5165,2.294304212988911
5166,2.294275100214529
5167,2.294246068723001
5168,2.2942171182873854
5169,2.2941882486813743
5170,2.294159459679291
5171,2.29413075105609
5172,2.2941021225873532
5173,2.2940735740492895
5174,2.294045105218732
5175,2.2940167158731377
5176,2.293988405790585
5177,2.293960174749771
5178,2.293932022530011
5179,2.2939039489112374
5180,2.2938759536739957
5181,2.293848036599445
5182,2.293820197469355
5183,2.2937924360661044
5184,2.2937647521726805
5185,2.293737145572676
5186,2.293709616050287
5187,2.2936821633903133
5188,2.293654787378155
5189,2.2936274877998115
5190,2.2936002644418796
5191,2.293573117091552
5192,2.293546045536615
5193,2.2935190495654485
5194,2.293492128967022
5195,2.2934652835308955
5196,2.2934385130472155
5197,2.293411817306715
5198,2.293385196100711
5199,2.293358649221103
5200,2.2933321764603725
5201,2.293305777611579
5202,2.29327945246836
5203,2.2932532008249304
5204,2.2932270224760787
5205,2.293200917217166
5206,2.2931748848441256
5207,2.29314892515346
5208,2.29312303794224
5209,2.293097223008103
5210,2.2930714801492518
5211,2.2930458091644517
5212,2.293020209853031
5213,2.2929946820148768
5214,2.2929692254504364
5215,2.292943839960713
5216,2.2929185253472673
5217,2.2928932814122116
5218,2.292868107958212
5219,2.292843004788486
5220,2.2928179717067994
5221,2.2927930085174664
5222,2.292768115025348
5223,2.2927432910358494
5224,2.292718536354919
5225,2.2926938507890475
5226,2.292669234145266
5227,2.2926446862311436
5228,2.2926202068547874
5229,2.29259579582484
5230,2.2925714529504786
5231,2.292547178041412
5232,2.292522970907882
5233,2.2924988313606587
5234,2.292474759211041
5235,2.292450754270855
5236,2.2924268163524526
5237,2.2924029452687082
5238,2.29237914083302
5239,2.2923554028593065
5240,2.292331731162006
5241,2.292308125556074
5242,2.2922845858569847
5243,2.2922611118807255
5244,2.2922377034437984
5245,2.2922143603632175
5246,2.2921910824565077
5247,2.292167869541704
5248,2.292144721437349
5249,2.292121637962492
5250,2.2920986189366874
5251,2.2920756641799933
5252,2.2920527735129705
5253,2.2920299467566805
5254,2.2920071837326845
5255,2.2919844842630424
5256,2.29196184817031
5257,2.2919392752775396
5258,2.2919167654082764
5259,2.291894318386559
5260,2.2918719340369167
5261,2.2918496121843694
5262,2.2918273526544253
5263,2.29180515527308
5264,2.2917830198668137
5265,2.2917609462625927
5266,2.291738934287866
5267,2.2917169837705633
5268,2.2916950945390964
5269,2.2916732664223547
5270,2.291651499249706
5271,2.291629792850994
5272,2.2916081470565386
5273,2.2915865616971325
5274,2.291565036604041
5275,2.2915435716090005
5276,2.291522166544217
5277,2.2915008212423658
5278,2.2914795355365887
5279,2.291458309260493
5280,2.291437142248152
5281,2.291416034334101
5282,2.2913949853533366
5283,2.2913739951413183
5284,2.2913530635339634
5285,2.2913321903676476
5286,2.291311375479203
5287,2.291290618705919
5288,2.2912699198855373
5289,2.2912492788562537
5290,2.291228695456715
5291,2.2912081695260196
5292,2.291187700903714
5293,2.2911672894297936
5294,2.2911469349447002
5295,2.2911266372893206
5296,2.2911063963049867
5297,2.2910862118334725
5298,2.2910660837169945
5299,2.2910460117982097
5300,2.2910259959202137
5301,2.2910060359265407
5302,2.290986131661162
5303,2.2909662829684843
5304,2.290946489693348
5305,2.290926751681028
5306,2.29090706877723
5307,2.2908874408280915
5308,2.290867867680179
5309,2.290848349180487
5310,2.2908288851764387
5311,2.2908094755158817
5312,2.290790120047089
5313,2.290770818618757
5314,2.2907515710800053
5315,2.290732377280374
5316,2.2907132370698227
5317,2.290694150298732
5318,2.290675116817898
5319,2.2906561364785345
5320,2.290637209132271
5321,2.29061833463115
5322,2.290599512827629
5323,2.2905807435745755
5324,2.290562026725269
5325,2.290543362133398
5326,2.2905247496530596
5327,2.290506189138759
5328,2.2904876804454064
5329,2.2904692234283184
5330,2.2904508179432144
5331,2.290432463846217
5332,2.290414160993851
5333,2.290395909243041
5334,2.2903777084511123
5335,2.290359558475787
5336,2.290341459175185
5337,2.290323410407823
5338,2.2903054120326125
5339,2.2902874639088577
5340,2.2902695658962573
5341,2.290251717854901
5342,2.2902339196452686
5343,2.2902161711282303
5344,2.290198472165044
5345,2.290180822617356
5346,2.2901632223471977
5347,2.2901456712169863
5348,2.2901281690895234
5349,2.290110715827993
5350,2.290093311295962
5351,2.290075955357377
5352,2.2900586478765654
5353,2.290041388718233
5354,2.2900241777474637
5355,2.2900070148297176
5356,2.289989899830831
5357,2.289972832617014
5358,2.2899558130548514
5359,2.289938841011299
5360,2.2899219163536855
5361,2.289905038949709
5362,2.2898882086674375
5363,2.289871425375307
5364,2.2898546889421216
5365,2.289837999237051
5366,2.2898213561296292
5367,2.289804759489757
5368,2.2897882091876967
5369,2.2897717050940725
5370,2.289755247079871
5371,2.289738835016439
5372,2.289722468775481
5373,2.289706148229061
5374,2.2896898732496
5375,2.289673643709875
5376,2.289657459483018
5377,2.2896413204425157
5378,2.2896252264622077
5379,2.289609177416286
5380,2.2895931731792944
5381,2.2895772136261257
5382,2.289561298632023
5383,2.2895454280725773
5384,2.2895296018237272
5385,2.289513819761757
5386,2.2894980817632975
5387,2.2894823877053234
5388,2.2894667374651525
5389,2.2894511309204457
5390,2.2894355679492056
5391,2.2894200484297746
5392,2.2894045722408354
5393,2.2893891392614094
5394,2.289373749370856
5395,2.2893584024488702
5396,2.2893430983754843
5397,2.289327837031065
5398,2.289312618296313
5399,2.2892974420522623
